step,epoch,loss,learning_rate,grad_norm
10,0.00337909186906019,15.820510864257812,1.0112359550561798e-05,23.53594207763672
20,0.00675818373812038,15.397514343261719,2.1348314606741574e-05,26.057130813598633
30,0.01013727560718057,12.17079849243164,3.258426966292135e-05,15.9295015335083
40,0.01351636747624076,9.013474273681641,4.3820224719101126e-05,3.7073826789855957
50,0.01689545934530095,8.323557281494141,5.50561797752809e-05,2.7514262199401855
60,0.02027455121436114,7.518309020996094,6.629213483146067e-05,3.0424580574035645
70,0.02365364308342133,6.523429107666016,7.752808988764046e-05,1.4754421710968018
80,0.02703273495248152,6.099590301513672,8.876404494382022e-05,1.3146828413009644
90,0.03041182682154171,5.907912063598633,0.0001,1.322977066040039
100,0.0337909186906019,5.673453140258789,0.00011123595505617979,1.325549602508545
110,0.03717001055966209,5.5907245635986325,0.00012247191011235955,1.9784334897994995
120,0.04054910242872228,5.412192535400391,0.00013370786516853932,1.6303470134735107
130,0.04392819429778247,5.38670539855957,0.00014494382022471912,2.1621429920196533
140,0.04730728616684266,5.269891357421875,0.00015617977528089888,1.440850019454956
150,0.050686378035902854,5.277106475830078,0.00016741573033707868,1.520277500152588
160,0.05406546990496304,5.218462371826172,0.00017865168539325842,2.677675247192383
170,0.05744456177402323,5.1675872802734375,0.0001898876404494382,2.6427738666534424
180,0.06082365364308342,5.1682289123535154,0.00019999998503270348,1.5749965906143188
190,0.06420274551214361,5.090933609008789,0.00019999818896254264,2.0276565551757812
200,0.0675818373812038,5.1417900085449215,0.00019999339949468344,2.4968063831329346
210,0.070960929250264,5.168408966064453,0.0001999856167724963,1.3926862478256226
220,0.07434002111932418,5.203437423706054,0.00019997484102895325,1.7939395904541016
230,0.07771911298838437,5.208378601074219,0.00019996107258662103,2.573721170425415
240,0.08109820485744457,5.113872146606445,0.0001999443118576513,1.2653173208236694
250,0.08447729672650475,5.191766357421875,0.00019992455934376847,1.449526071548462
260,0.08785638859556494,5.138010406494141,0.00019990181563625447,1.9488708972930908
270,0.09123548046462514,5.159386825561524,0.00019987608141593132,1.501883864402771
280,0.09461457233368532,5.155558013916016,0.0001998473574531405,1.324090838432312
290,0.09799366420274551,5.11683349609375,0.00019981564460772,1.6288578510284424
300,0.10137275607180571,5.126243209838867,0.00019978094382897864,1.5878185033798218
310,0.1047518479408659,5.033864593505859,0.00019974325615566753,1.194779872894287
320,0.10813093980992608,5.07487678527832,0.00019970258271594907,1.1286358833312988
330,0.11151003167898627,5.077208709716797,0.00019965892472736303,1.4754000902175903
340,0.11488912354804647,5.111898422241211,0.0001996122834967904,1.481256365776062
350,0.11826821541710665,5.132239913940429,0.00019956266042041394,1.5878627300262451
360,0.12164730728616684,5.117323303222657,0.0001995100569836766,1.0876197814941406
370,0.12502639915522704,5.026421737670899,0.00019945447476123695,0.9715627431869507
380,0.12840549102428722,5.077865219116211,0.00019939591541692209,1.4323410987854004
390,0.1317845828933474,5.110372543334961,0.00019933438070367785,1.2123911380767822
400,0.1351636747624076,5.1396739959716795,0.00019926987246351625,1.1631890535354614
410,0.1385427666314678,5.05389289855957,0.00019920239262746043,1.0853221416473389
420,0.141921858500528,5.083596420288086,0.0001991319432154869,1.1055262088775635
430,0.14530095036958818,5.0164794921875,0.00019905852633646484,1.278569221496582
440,0.14868004223864836,5.038722991943359,0.0001989821441880933,1.2622745037078857
450,0.15205913410770855,5.076844787597656,0.00019890279905683506,1.3451728820800781
460,0.15543822597676873,5.057598876953125,0.0001988204933178486,1.0989224910736084
470,0.15881731784582892,5.014736557006836,0.00019873522943491653,1.4128891229629517
480,0.16219640971488913,5.10113296508789,0.0001986470099603722,0.8187507390975952
490,0.16557550158394932,5.0560649871826175,0.0001985558375350232,1.1518229246139526
500,0.1689545934530095,4.989210510253907,0.0001984617148880722,1.2519365549087524
510,0.1723336853220697,5.02435302734375,0.00019836464483703539,1.1648335456848145
520,0.17571277719112988,5.006257629394531,0.00019826463028765806,1.225887417793274
530,0.17909186906019006,5.003378295898438,0.00019816167423382765,1.1998076438903809
540,0.18247096092925028,5.02607536315918,0.00019805577975748413,0.9717602133750916
550,0.18585005279831046,5.062299728393555,0.00019794695002852772,1.1141431331634521
560,0.18922914466737065,4.940165710449219,0.00019783518830472402,0.9919617176055908
570,0.19260823653643083,5.010994338989258,0.0001977204979316065,0.9125091433525085
580,0.19598732840549102,4.99030647277832,0.00019760288234237628,1.0178759098052979
590,0.1993664202745512,4.959720230102539,0.00019748234505779952,1.0850210189819336
600,0.20274551214361142,4.982510375976562,0.00019735888968610188,1.0262203216552734
610,0.2061246040126716,5.024222564697266,0.00019723251992286045,0.9349579811096191
620,0.2095036958817318,4.991660308837891,0.00019710323955089343,0.937318742275238
630,0.21288278775079197,4.919051742553711,0.0001969710524401465,0.9980190396308899
640,0.21626187961985216,4.932463836669922,0.0001968359625475773,1.0763777494430542
650,0.21964097148891235,4.983246612548828,0.0001966979739170368,1.128153920173645
660,0.22302006335797253,5.032308578491211,0.00019655709067914825,1.0517231225967407
670,0.22639915522703274,5.063922882080078,0.00019641331705118372,2.0725772380828857
680,0.22977824709609293,4.990676498413086,0.00019626665733693752,1.0302852392196655
690,0.23315733896515312,4.960876846313477,0.00019611711592659771,1.069028377532959
700,0.2365364308342133,4.9285835266113285,0.00019596469729661454,0.8468753695487976
710,0.2399155227032735,4.916489791870117,0.00019580940600956638,1.0141050815582275
720,0.24329461457233367,5.026364517211914,0.00019565124671402315,1.5260288715362549
730,0.2466737064413939,4.986101913452148,0.0001954902241444074,0.9151744246482849
740,0.25005279831045407,5.004143142700196,0.0001953263431208523,0.8231654763221741
750,0.25343189017951423,4.887826919555664,0.00019515960854905743,1.165764570236206
760,0.25681098204857444,5.010593032836914,0.00019499002542014207,0.9434617161750793
770,0.26019007391763466,4.974160766601562,0.00019481759881049562,1.143821358680725
780,0.2635691657866948,4.982012557983398,0.00019464233388162571,0.8855143785476685
790,0.26694825765575503,5.010011672973633,0.0001944642358800037,0.8221347332000732
800,0.2703273495248152,4.97204475402832,0.00019428331013690765,1.150710105895996
810,0.2737064413938754,4.910071945190429,0.00019409956206826263,0.9502013325691223
820,0.2770855332629356,4.934019470214844,0.00019391299717447875,1.1193550825119019
830,0.28046462513199577,4.983233642578125,0.00019372362104028636,0.982417643070221
840,0.283843717001056,4.996660614013672,0.00019353143933456904,0.9960325360298157
850,0.28722280887011614,4.9588264465332035,0.0001933364578101936,0.9882404804229736
860,0.29060190073917636,5.021824645996094,0.00019313868230383833,1.6057286262512207
870,0.2939809926082365,4.925209426879883,0.0001929381187358178,0.8699381947517395
880,0.2973600844772967,4.941312789916992,0.0001927347731099061,0.7840387225151062
890,0.30073917634635694,4.960356903076172,0.00019252865151315665,0.9054774641990662
900,0.3041182682154171,4.9727519989013675,0.00019231976011572038,0.9952577948570251
910,0.3074973600844773,4.94690055847168,0.00019210810517066075,1.0787039995193481
920,0.31087645195353747,4.930282211303711,0.00019189369301376682,0.9188411235809326
930,0.3142555438225977,4.927470397949219,0.0001916765300633634,0.7880065441131592
940,0.31763463569165784,5.028730010986328,0.00019145662282011894,1.1052753925323486
950,0.32101372756071805,4.928545379638672,0.00019123397786685101,1.0015904903411865
960,0.32439281942977827,4.88801383972168,0.0001910086018683293,0.9291231036186218
970,0.3277719112988384,4.925290298461914,0.00019078050157107584,0.9749110341072083
980,0.33115100316789864,4.94970932006836,0.0001905496838031634,1.5668208599090576
990,0.3345300950369588,5.009894180297851,0.00019031615547401086,0.8334253430366516
1000,0.337909186906019,4.934205627441406,0.0001900799235741764,1.0491746664047241
1010,0.3412882787750792,4.974802398681641,0.00018984099517514844,1.0672633647918701
1020,0.3446673706441394,4.99847526550293,0.00018959937742913359,0.8027136921882629
1030,0.3480464625131996,4.957143783569336,0.00018935507756884297,1.0766699314117432
1040,0.35142555438225975,4.863057708740234,0.0001891081029072754,1.0153251886367798
1050,0.35480464625131997,5.03705062866211,0.00018885846083749853,0.8787866234779358
1060,0.3581837381203801,5.063351058959961,0.0001886061588324278,0.9187301397323608
1070,0.36156282998944034,4.8603462219238285,0.0001883512044446023,1.0756233930587769
1080,0.36494192185850055,4.991287612915039,0.00018809360530595907,0.872329831123352
1090,0.3683210137275607,4.932225036621094,0.00018783336912760442,0.8884603381156921
1100,0.3717001055966209,4.922599411010742,0.00018757050369958323,0.9594037532806396
1110,0.3750791974656811,4.916497802734375,0.00018730501689064564,1.0757508277893066
1120,0.3784582893347413,4.971009826660156,0.0001870369166480117,0.9258005619049072
1130,0.38183738120380145,4.932389450073242,0.00018676621099713314,0.8667780160903931
1140,0.38521647307286166,4.947577667236328,0.00018649290804145346,0.8648479580879211
1150,0.3885955649419219,4.991931915283203,0.00018621701596216526,0.8716912269592285
1160,0.39197465681098204,4.98314094543457,0.0001859385430179652,1.1489124298095703
1170,0.39535374868004225,4.96058235168457,0.00018565749754480696,0.9147415161132812
1180,0.3987328405491024,4.962854385375977,0.0001853738879556517,0.8557523488998413
1190,0.4021119324181626,4.878852081298828,0.000185087722740216,0.9335193634033203
1200,0.40549102428722283,4.919512176513672,0.000184799010464718,0.848901093006134
1210,0.408870116156283,4.9045665740966795,0.0001845077597716208,0.9416416883468628
1220,0.4122492080253432,5.029120254516601,0.0001842139793793739,0.914847731590271
1230,0.41562829989440336,4.988217163085937,0.000183917678082152,0.8206415176391602
1240,0.4190073917634636,4.9886726379394535,0.000183618864749592,0.820514976978302
1250,0.42238648363252373,4.879810333251953,0.0001833175483265273,0.9941273927688599
1260,0.42576557550158395,4.928019714355469,0.0001830137378327201,0.9506800770759583
1270,0.42914466737064416,5.025265884399414,0.0001827074423625914,0.9475245475769043
1280,0.4325237592397043,4.881871032714844,0.0001823986710849489,1.2102707624435425
1290,0.43590285110876453,4.869419860839844,0.00018208743324271223,0.9487552642822266
1300,0.4392819429778247,4.918050384521484,0.0001817737381526366,0.9295012354850769
1310,0.4426610348468849,4.91126708984375,0.00018145759520503358,0.9469727873802185
1320,0.44604012671594506,4.948147201538086,0.00018113901386349035,0.9487907886505127
1330,0.4494192185850053,4.9465476989746096,0.00018081800366458612,0.9798160791397095
1340,0.4527983104540655,4.960721206665039,0.0001804945742176069,1.010929822921753
1350,0.45617740232312565,4.944372940063476,0.00018016873520425755,0.8101407289505005
1360,0.45955649419218586,4.86024169921875,0.00017984049637837234,0.7731384038925171
1370,0.462935586061246,4.902683258056641,0.00017950986756562256,0.932537853717804
1380,0.46631467793030623,4.909744644165039,0.00017917685866322285,1.0675560235977173
1390,0.46969376979936645,4.963304901123047,0.00017884147963963446,0.8498438000679016
1400,0.4730728616684266,4.912104797363281,0.00017850374053426723,0.8832700848579407
1410,0.4764519535374868,4.887421417236328,0.00017816365145717887,0.9032060503959656
1420,0.479831045406547,4.910907745361328,0.00017782122258877236,0.8098808526992798
1430,0.4832101372756072,4.919232940673828,0.00017747646417949113,0.8924664258956909
1440,0.48658922914466735,5.022531509399414,0.00017712938654951247,0.932112455368042
1450,0.48996832101372756,4.895293807983398,0.0001767800000884383,0.8310302495956421
1460,0.4933474128827878,4.931541824340821,0.00017642831525498427,0.8282187581062317
1470,0.49672650475184793,4.9131614685058596,0.0001760743425766668,0.8029351830482483
1480,0.5001055966209081,4.9578510284423825,0.00017571809264948772,0.8635514974594116
1490,0.5034846884899683,4.94776496887207,0.0001753595761376174,0.8280426263809204
1500,0.5068637803590285,4.958348083496094,0.00017499880377307508,0.7237820625305176
1510,0.5102428722280887,4.878725814819336,0.00017463578635540814,0.9380209445953369
1520,0.5136219640971489,4.87445068359375,0.00017427053475136826,0.9629810452461243
1530,0.517001055966209,5.001408386230469,0.00017390305989458668,0.8765403032302856
1540,0.5203801478352693,5.009889602661133,0.00017353337278524649,0.9288583993911743
1550,0.5237592397043295,4.957909774780274,0.0001731614844897535,0.9843798279762268
1560,0.5271383315733896,4.832241058349609,0.00017278740614040504,0.9717414975166321
1570,0.5305174234424498,4.986341094970703,0.00017241114893505653,0.8167787790298462
1580,0.5338965153115101,4.9801788330078125,0.00017203272413678655,0.7849521040916443
1590,0.5372756071805702,4.862427520751953,0.00017165214307355946,0.850654125213623
1600,0.5406546990496304,4.982704544067383,0.00017126941713788632,0.7927436232566833
1610,0.5440337909186906,4.998080062866211,0.00017088455778648397,0.8545563220977783
1620,0.5474128827877508,4.9502826690673825,0.000170497576539932,0.8364105224609375
1630,0.550791974656811,4.934746932983399,0.00017010848498232804,0.9035890102386475
1640,0.5541710665258712,4.954460144042969,0.00016971729476094062,0.9357818961143494
1650,0.5575501583949314,4.867380905151367,0.00016932401758586098,0.9144369959831238
1660,0.5609292502639915,4.92640380859375,0.00016892866522965223,0.9901359677314758
1670,0.5643083421330517,4.847738265991211,0.00016853124952699697,0.8234075307846069
1680,0.567687434002112,4.956611633300781,0.00016813178237434323,0.6932111978530884
1690,0.5710665258711721,4.861777114868164,0.00016773027572954802,0.9251717329025269
1700,0.5744456177402323,4.912717819213867,0.0001673267416115198,0.790183424949646
1710,0.5778247096092926,4.81375732421875,0.00016692119209985823,0.7837392687797546
1720,0.5812038014783527,4.928977203369141,0.00016651363933449295,0.8162325620651245
1730,0.5845828933474129,4.79119873046875,0.00016610409551532005,0.8440492749214172
1740,0.587961985216473,4.961692047119141,0.00016569257290183673,0.9297164678573608
1750,0.5913410770855333,4.863612365722656,0.00016527908381277457,0.9106208086013794
1760,0.5947201689545935,4.8411865234375,0.00016486364062573062,1.05512535572052
1770,0.5980992608236536,4.929708480834961,0.00016444625577679685,1.103491187095642
1780,0.6014783526927139,4.937836456298828,0.00016402694176018807,0.9552218914031982
1790,0.604857444561774,4.885494613647461,0.00016360571112786765,0.8825955986976624
1800,0.6082365364308342,4.879067611694336,0.00016318257648917207,0.8043372631072998
1810,0.6116156282998944,4.913064193725586,0.00016275755051043325,0.8692749738693237
1820,0.6149947201689546,4.931195831298828,0.0001623306459145994,0.8084094524383545
1830,0.6183738120380148,4.855263519287109,0.00016190187548085434,0.8254337310791016
1840,0.6217529039070749,4.935674667358398,0.00016147125204423482,0.8449144959449768
1850,0.6251319957761352,4.845394134521484,0.00016103878849524638,0.770938515663147
1860,0.6285110876451954,5.051648330688477,0.00016060449777947731,0.7322532534599304
1870,0.6318901795142555,4.828195190429687,0.00016016839289721138,0.8968406319618225
1880,0.6352692713833157,4.877740478515625,0.0001597304869030385,0.9008960127830505
1890,0.638648363252376,4.918922805786133,0.00015929079290546408,1.0508571863174438
1900,0.6420274551214361,4.936064910888672,0.0001588493240665164,0.9959072470664978
1910,0.6454065469904963,4.8794097900390625,0.00015840609360135292,0.9205735325813293
1920,0.6487856388595565,4.922497940063477,0.00015796111477786446,0.8390297293663025
1930,0.6521647307286167,4.868247604370117,0.0001575144009162781,0.8829924464225769
1940,0.6555438225976769,4.94927864074707,0.00015706596538875845,0.8931741714477539
1950,0.6589229144667371,4.921161270141601,0.00015661582161900745,0.7976136803627014
1960,0.6623020063357973,4.866070556640625,0.00015616398308186232,0.7250108122825623
1970,0.6656810982048574,4.829078674316406,0.00015571046330289237,0.927486777305603
1980,0.6690601900739176,4.907928085327148,0.00015525527585799414,0.8511178493499756
1990,0.6724392819429779,4.9158882141113285,0.00015479843437298484,0.823838472366333
2000,0.675818373812038,4.909818267822265,0.00015433995252319468,0.7360543012619019
2010,0.6791974656810982,4.9100391387939455,0.00015387984403305733,1.1133180856704712
2020,0.6825765575501584,4.94932861328125,0.0001534181226756992,1.005892038345337
2030,0.6859556494192186,4.882881164550781,0.00015295480227252707,0.8007886409759521
2040,0.6893347412882788,4.883867263793945,0.00015248989669281438,0.9217283725738525
2050,0.6927138331573389,4.993906021118164,0.00015202341985328613,0.9644503593444824
2060,0.6960929250263992,4.854485702514649,0.00015155538571770218,0.8688719868659973
2070,0.6994720168954593,4.885903549194336,0.0001510858082964393,0.8045121431350708
2080,0.7028511087645195,4.939617538452149,0.00015061470164607176,0.74649977684021
2090,0.7062302006335798,4.894988250732422,0.00015014207986895062,0.794390857219696
2100,0.7096092925026399,4.8757484436035154,0.00014966795711278147,0.785559892654419
2110,0.7129883843717001,4.852833938598633,0.000149192347570201,0.7240990996360779
2120,0.7163674762407602,4.912457656860352,0.00014871526547835222,0.822432279586792
2130,0.7197465681098205,4.864918899536133,0.00014823672511845806,0.8150274753570557
2140,0.7231256599788807,4.822951126098633,0.0001477567408153941,0.7558876276016235
2150,0.7265047518479408,4.863191986083985,0.00014727532693725962,0.8108232617378235
2160,0.7298838437170011,4.936978912353515,0.00014679249789494755,0.8924607634544373
2170,0.7332629355860613,4.854051971435547,0.0001463082681417131,0.7416994571685791
2180,0.7366420274551214,4.848039627075195,0.00014582265217274104,0.9199380874633789
2190,0.7400211193241816,4.863919448852539,0.0001453356645247119,0.7859811186790466
2200,0.7434002111932418,4.858368682861328,0.00014484731977536675,0.7757332921028137
2210,0.746779303062302,4.90408935546875,0.0001443576325430708,0.9555981755256653
2220,0.7501583949313622,4.840217208862304,0.00014386661748637584,0.8131983876228333
2230,0.7535374868004224,4.889824295043946,0.0001433742893035815,0.8216341733932495
2240,0.7569165786694826,4.799042892456055,0.0001428806627322952,1.0005563497543335
2250,0.7602956705385427,4.869393157958984,0.0001423857525489909,0.8900972008705139
2260,0.7636747624076029,4.88446044921875,0.000141889573568567,0.8672693371772766
2270,0.7670538542766632,4.975614547729492,0.00014139214064390262,1.0508744716644287
2280,0.7704329461457233,4.938999938964844,0.00014089346866541318,0.9440757632255554
2290,0.7738120380147835,4.888142013549805,0.00014039357256060456,0.8896191120147705
2300,0.7771911298838438,4.930221939086914,0.00013989246729362623,0.7225736379623413
2310,0.7805702217529039,4.872433471679687,0.00013939016786482342,0.7779355645179749
2320,0.7839493136219641,4.927025222778321,0.0001388866893102879,0.7329763174057007
2330,0.7873284054910243,4.8594917297363285,0.0001383820467014082,0.8272247910499573
2340,0.7907074973600845,4.847064590454101,0.00013787625514441806,0.7742947340011597
2350,0.7940865892291447,4.88493537902832,0.00013736932977994454,0.9477067589759827
2360,0.7974656810982048,4.886066055297851,0.0001368612857825546,0.8951284289360046
2370,0.8008447729672651,4.874234771728515,0.00013635213836030104,0.7526476383209229
2380,0.8042238648363252,4.975849533081055,0.00013584190275426708,0.8691934943199158
2390,0.8076029567053854,4.81562614440918,0.00013533059423811026,0.8918716907501221
2400,0.8109820485744457,4.878366851806641,0.00013481822811760506,0.8575202226638794
2410,0.8143611404435058,4.749072265625,0.00013430481973018493,0.9147480726242065
2420,0.817740232312566,4.936415100097657,0.00013379038444448306,0.9411678314208984
2430,0.8211193241816261,4.890491104125976,0.0001332749376598723,0.9574369192123413
2440,0.8244984160506864,4.9650123596191404,0.00013275849480600438,0.9086008071899414
2450,0.8278775079197466,4.9248912811279295,0.00013224107134234768,0.8683598041534424
2460,0.8312565997888067,4.868663024902344,0.0001317226827577248,0.8019024133682251
2470,0.834635691657867,4.8934181213378904,0.0001312033445698487,0.7507584095001221
2480,0.8380147835269272,4.8434196472167965,0.00013068307232485835,0.7259600758552551
2490,0.8413938753959873,4.902230453491211,0.00013016188159685314,0.8427203893661499
2500,0.8447729672650475,4.884172821044922,0.00012963978798742693,0.8218656778335571
2510,0.8481520591341077,4.889587020874023,0.00012911680712520082,0.8175930380821228
2520,0.8515311510031679,4.893458557128906,0.00012859295466535544,0.8477603197097778
2530,0.854910242872228,4.916976547241211,0.0001280682462891622,0.831093966960907
2540,0.8582893347412883,4.850258636474609,0.0001275426977035141,0.835588812828064
2550,0.8616684266103485,4.893292236328125,0.00012701632464045528,1.0181148052215576
2560,0.8650475184794086,4.84833869934082,0.00012648914285671027,0.791076123714447
2570,0.8684266103484688,4.9134368896484375,0.00012596116813321222,0.9475844502449036
2580,0.8718057022175291,4.950449752807617,0.0001254324162746306,0.9106331467628479
2590,0.8751847940865892,4.958515930175781,0.00012490290310889803,0.8104233145713806
2600,0.8785638859556494,4.857580184936523,0.00012437264448673647,0.8646235466003418
2610,0.8819429778247097,5.053877639770508,0.0001238416562811828,0.7283707857131958
2620,0.8853220696937698,4.833586502075195,0.0001233099543871136,0.7932581901550293
2630,0.88870116156283,4.868042373657227,0.00012277755472076934,0.9027577638626099
2640,0.8920802534318901,4.910466003417969,0.00012224447321927806,0.7590177655220032
2650,0.8954593453009504,4.824964904785157,0.00012171072584017808,0.792964518070221
2660,0.8988384371700106,4.878561019897461,0.00012117632856094063,0.8934152126312256
2670,0.9022175290390707,4.8276832580566404,0.00012064129737849122,0.8451662063598633
2680,0.905596620908131,4.853958511352539,0.00012010564830873095,0.8317857384681702
2690,0.9089757127771911,4.85333366394043,0.00011956939738605721,0.8816611766815186
2700,0.9123548046462513,4.926969146728515,0.00011903256066288346,0.9309636354446411
2710,0.9157338965153116,4.848411560058594,0.00011849515420915887,0.8732079267501831
2720,0.9191129883843717,4.913836669921875,0.00011795719411188718,0.9987866878509521
2730,0.9224920802534319,4.90399055480957,0.0001174186964746452,0.8540727496147156
2740,0.925871172122492,4.966601943969726,0.00011687967741710076,0.8126497864723206
2750,0.9292502639915523,4.895738983154297,0.00011634015307453008,0.8132099509239197
2760,0.9326293558606125,4.86566162109375,0.000115800139597335,0.8355532884597778
2770,0.9360084477296726,4.922924041748047,0.00011525965315055922,0.8980993628501892
2780,0.9393875395987329,4.899190521240234,0.00011471870991340459,0.8638813495635986
2790,0.942766631467793,4.835477447509765,0.00011417732607874678,0.887539267539978
2800,0.9461457233368532,4.914122009277344,0.00011363551785265056,0.7859542965888977
2810,0.9495248152059134,4.771028518676758,0.00011309330145388464,1.138412594795227
2820,0.9529039070749736,4.844046783447266,0.00011255069311343615,0.8212236166000366
2830,0.9562829989440338,4.850349044799804,0.00011200770907402482,0.8919099569320679
2840,0.959662090813094,4.886729049682617,0.00011146436558961674,0.8747098445892334
2850,0.9630411826821542,4.901594543457032,0.00011092067892493788,0.9278805255889893
2860,0.9664202745512144,4.757294464111328,0.00011037666535498704,0.8829048871994019
2870,0.9697993664202745,4.960628509521484,0.00010983234116454886,0.9279369711875916
2880,0.9731784582893347,4.931398391723633,0.00010928772264770619,0.7663822770118713
2890,0.976557550158395,4.949015426635742,0.00010874282610735243,0.7720341086387634
2900,0.9799366420274551,4.869352340698242,0.00010819766785470351,0.8878967761993408
2910,0.9833157338965153,4.9063152313232425,0.00010765226420880954,0.7887454628944397
2920,0.9866948257655755,4.8842205047607425,0.00010710663149606639,0.8013342022895813
2930,0.9900739176346357,4.849938583374024,0.00010656078604972692,0.854926586151123
2940,0.9934530095036959,4.8936515808105465,0.00010601474420941206,0.841699481010437
2950,0.996832101372756,4.822175216674805,0.00010546852232062176,0.75950026512146
2960,1.0,4.864636993408203,0.00010492213673424553,1.416877031326294
2970,1.0033790918690602,4.902350616455078,0.00010437560380607319,0.8522354960441589
2980,1.0067581837381203,4.836478805541992,0.00010382893989630508,0.9400030970573425
2990,1.0101372756071805,4.7677452087402346,0.0001032821613690625,1.0314878225326538
3000,1.0135163674762409,4.849287033081055,0.00010273528459189767,0.746621310710907
3010,1.016895459345301,4.767190933227539,0.00010218832593530398,0.9181044101715088
3020,1.0202745512143612,4.898466491699219,0.00010164130177222578,0.947317898273468
3030,1.0236536430834213,4.7882225036621096,0.0001010942284775683,0.9243507981300354
3040,1.0270327349524815,4.771022796630859,0.00010054712242770754,0.882506251335144
3050,1.0304118268215416,4.811784362792968,0.0001,0.8606683015823364
3060,1.0337909186906018,4.83233757019043,9.945287757229249e-05,0.8785056471824646
3070,1.0371700105596622,4.746380615234375,9.890577152243173e-05,0.9948365688323975
3080,1.0405491024287223,4.683881759643555,9.835869822777425e-05,0.9246159195899963
3090,1.0439281942977825,4.820130157470703,9.781167406469602e-05,0.8943759202957153
3100,1.0473072861668427,4.776645660400391,9.726471540810232e-05,0.985816240310669
3110,1.0506863780359028,4.852954483032226,9.671783863093751e-05,0.9621389508247375
3120,1.054065469904963,4.773469161987305,9.617106010369493e-05,0.8111337423324585
3130,1.0574445617740231,4.6960289001464846,9.562439619392683e-05,0.9777079820632935
3140,1.0608236536430835,4.785621643066406,9.50778632657545e-05,0.8454943895339966
3150,1.0642027455121437,4.841542434692383,9.453147767937829e-05,0.9361852407455444
3160,1.0675818373812038,4.854636001586914,9.398525579058792e-05,0.9261305332183838
3170,1.070960929250264,4.788431549072266,9.343921395027309e-05,0.7933116555213928
3180,1.0743400211193241,4.802970123291016,9.289336850393363e-05,0.8281679749488831
3190,1.0777191129883843,4.815988922119141,9.234773579119048e-05,0.808950662612915
3200,1.0810982048574447,4.840756225585937,9.180233214529652e-05,0.8842120170593262
3210,1.0844772967265048,4.8295845031738285,9.125717389264759e-05,0.9351848363876343
3220,1.087856388595565,4.868552780151367,9.071227735229386e-05,0.8068749904632568
3230,1.0912354804646252,4.838011169433594,9.016765883545117e-05,0.8687691688537598
3240,1.0946145723336853,4.839900207519531,8.962333464501297e-05,1.1859185695648193
3250,1.0979936642027455,4.779081344604492,8.907932107506213e-05,1.0928584337234497
3260,1.1013727560718056,4.864423370361328,8.853563441038327e-05,0.9048716425895691
3270,1.1047518479408658,4.83361701965332,8.799229092597521e-05,0.8112011551856995
3280,1.1081309398099262,4.8448486328125,8.744930688656387e-05,0.8742874264717102
3290,1.1115100316789863,4.78800048828125,8.690669854611537e-05,0.7822621464729309
3300,1.1148891235480465,4.743777084350586,8.636448214734942e-05,0.8009458184242249
3310,1.1182682154171066,4.824639511108399,8.582267392125323e-05,1.0350558757781982
3320,1.1216473072861668,4.815295028686523,8.528129008659544e-05,0.9676452279090881
3330,1.125026399155227,4.787515640258789,8.474034684944082e-05,0.8600503206253052
3340,1.1284054910242873,4.758837127685547,8.4199860402665e-05,1.00808846950531
3350,1.1317845828933475,4.759375381469726,8.365984692546995e-05,0.9452695846557617
3360,1.1351636747624076,4.826998138427735,8.31203225828993e-05,0.7979397773742676
3370,1.1385427666314678,4.879128265380859,8.258130352535485e-05,0.7925902605056763
3380,1.141921858500528,4.813321304321289,8.204280588811283e-05,0.9415375590324402
3390,1.1453009503695881,4.7986503601074215,8.150484579084116e-05,0.8346123099327087
3400,1.1486800422386483,4.841801452636719,8.096743933711656e-05,0.780758798122406
3410,1.1520591341077084,4.824825668334961,8.043060261394282e-05,0.9115651845932007
3420,1.1554382259767688,4.7093658447265625,7.989435169126909e-05,0.8113671541213989
3430,1.158817317845829,4.766581726074219,7.935870262150883e-05,0.9142431616783142
3440,1.1621964097148891,4.821318435668945,7.88236714390594e-05,0.8413590788841248
3450,1.1655755015839493,4.785254669189453,7.828927415982192e-05,0.930298924446106
3460,1.1689545934530094,4.87076416015625,7.775552678072198e-05,0.86344975233078
3470,1.1723336853220696,4.817720413208008,7.722244527923068e-05,0.938704788684845
3480,1.17571277719113,4.781312561035156,7.669004561288645e-05,0.9758612513542175
3490,1.1790918690601901,4.931515884399414,7.615834371881723e-05,0.8700516819953918
3500,1.1824709609292503,4.817571640014648,7.562735551326355e-05,1.1481927633285522
3510,1.1858500527983105,4.736207580566406,7.509709689110201e-05,0.880612313747406
3520,1.1892291446673706,4.848292541503906,7.45675837253694e-05,0.9381020665168762
3530,1.1926082365364308,4.811642074584961,7.403883186678777e-05,0.9378329515457153
3540,1.195987328405491,4.770814895629883,7.351085714328974e-05,0.8951999545097351
3550,1.199366420274551,4.762152481079101,7.298367535954474e-05,1.2836847305297852
3560,1.2027455121436115,4.781774520874023,7.245730229648593e-05,0.9038851857185364
3570,1.2061246040126716,4.80363883972168,7.193175371083783e-05,1.184502363204956
3580,1.2095036958817318,4.8232261657714846,7.140704533464462e-05,0.9314625859260559
3590,1.212882787750792,4.813244247436524,7.088319287479919e-05,0.7834112048149109
3600,1.216261879619852,4.825928115844727,7.036021201257309e-05,0.935415506362915
3610,1.2196409714889123,4.821809768676758,6.983811840314687e-05,0.9574589133262634
3620,1.2230200633579726,4.797686004638672,6.931692767514167e-05,0.8995726704597473
3630,1.2263991552270328,4.901564025878907,6.87966554301513e-05,0.8795232772827148
3640,1.229778247096093,4.814992523193359,6.827731724227521e-05,0.8368251919746399
3650,1.2331573389651531,4.8966011047363285,6.775892865765235e-05,0.9709726572036743
3660,1.2365364308342133,4.809790802001953,6.724150519399562e-05,0.7940286993980408
3670,1.2399155227032734,4.753455734252929,6.672506234012767e-05,0.9985463619232178
3680,1.2432946145723336,4.807720565795899,6.620961555551697e-05,0.9390348196029663
3690,1.246673706441394,4.858798599243164,6.56951802698151e-05,0.8499621748924255
3700,1.2500527983104541,4.8555137634277346,6.518177188239498e-05,0.943314790725708
3710,1.2534318901795143,4.793347549438477,6.466940576188977e-05,0.888344407081604
3720,1.2568109820485744,4.768320083618164,6.415809724573294e-05,0.8688804507255554
3730,1.2601900739176346,4.763176727294922,6.364786163969896e-05,0.9627190232276917
3740,1.2635691657866948,4.855226516723633,6.313871421744539e-05,0.9326662421226501
3750,1.2669482576557551,4.742984390258789,6.263067022005548e-05,0.8178511261940002
3760,1.2703273495248153,4.779626846313477,6.212374485558197e-05,0.9176903367042542
3770,1.2737064413938755,4.816390609741211,6.161795329859183e-05,0.8357406258583069
3780,1.2770855332629356,4.862851333618164,6.111331068971211e-05,0.9185065031051636
3790,1.2804646251319958,4.866702270507813,6.060983213517664e-05,0.8648977279663086
3800,1.283843717001056,4.822587966918945,6.010753270637377e-05,0.9972169995307922
3810,1.287222808870116,4.725275039672852,5.9606427439395475e-05,0.9446054697036743
3820,1.2906019007391762,4.742196655273437,5.9106531334586856e-05,0.8897414803504944
3830,1.2939809926082364,4.766337585449219,5.8607859356097414e-05,0.9353634715080261
3840,1.2973600844772968,4.766969299316406,5.811042643143303e-05,0.9226015210151672
3850,1.300739176346357,4.753998947143555,5.761424745100916e-05,0.9718490242958069
3860,1.304118268215417,4.755577850341797,5.7119337267704866e-05,0.8179013133049011
3870,1.3074973600844773,4.770257186889649,5.6625710696418485e-05,1.1672310829162598
3880,1.3108764519535374,4.782066726684571,5.613338251362417e-05,0.896706759929657
3890,1.3142555438225978,4.765167236328125,5.564236745692921e-05,0.8994815349578857
3900,1.317634635691658,4.8496448516845705,5.5152680224633256e-05,1.0784002542495728
3910,1.321013727560718,4.8101764678955075,5.4664335475288097e-05,0.8508557677268982
3920,1.3243928194297783,4.753633880615235,5.417734782725896e-05,0.9237983226776123
3930,1.3277719112988384,4.835295486450195,5.369173185828693e-05,0.8637139201164246
3940,1.3311510031678986,4.759887313842773,5.3207502105052476e-05,0.7410921454429626
3950,1.3345300950369587,4.81616096496582,5.27246730627404e-05,0.8937563896179199
3960,1.337909186906019,4.796661376953125,5.224325918460593e-05,0.9021779298782349
3970,1.3412882787750793,4.781860733032227,5.1763274881541966e-05,0.7666948437690735
3980,1.3446673706441394,4.7439311981201175,5.1284734521647816e-05,1.0031538009643555
3990,1.3480464625131996,4.856661605834961,5.080765242979901e-05,0.8879969120025635
4000,1.3514255543822598,4.832404708862304,5.0332042887218576e-05,0.9524189829826355
4010,1.35480464625132,4.67213134765625,4.985792013104943e-05,0.8962146043777466
4020,1.35818373812038,4.794242858886719,4.938529835392824e-05,0.8263479471206665
4030,1.3615628299894404,4.794416809082032,4.8914191703560706e-05,0.8208773136138916
4040,1.3649419218585006,4.795943832397461,4.844461428229782e-05,0.9412010312080383
4050,1.3683210137275608,4.779042816162109,4.79765801467139e-05,0.9014497995376587
4060,1.371700105596621,4.794078063964844,4.751010330718565e-05,1.03630530834198
4070,1.375079197465681,4.856972122192383,4.704519772747298e-05,0.9146084785461426
4080,1.3784582893347412,4.836469268798828,4.658187732430085e-05,0.8262674808502197
4090,1.3818373812038014,4.749618148803711,4.612015596694267e-05,0.9574682712554932
4100,1.3852164730728616,4.730411529541016,4.5660047476805324e-05,1.0859079360961914
4110,1.388595564941922,4.916518783569336,4.5201565627015165e-05,0.9671875834465027
4120,1.391974656810982,4.761468887329102,4.474472414200589e-05,0.96369868516922
4130,1.3953537486800422,4.72479362487793,4.4289536697107636e-05,0.92551189661026
4140,1.3987328405491024,4.8367919921875,4.38360169181377e-05,0.921495258808136
4150,1.4021119324181626,4.6879112243652346,4.338417838099257e-05,0.8399942517280579
4160,1.405491024287223,4.786928939819336,4.2934034611241545e-05,0.9893817901611328
4170,1.408870116156283,4.860480880737304,4.2485599083721925e-05,0.958507776260376
4180,1.4122492080253433,4.831752014160156,4.203888522213557e-05,0.9436403512954712
4190,1.4156282998944034,4.736719131469727,4.159390639864711e-05,0.9508160352706909
4200,1.4190073917634636,4.853366851806641,4.115067593348363e-05,0.9675002098083496
4210,1.4223864836325237,4.811604309082031,4.070920709453597e-05,0.9684950113296509
4220,1.425765575501584,4.718955993652344,4.026951309696152e-05,0.9963712692260742
4230,1.429144667370644,4.81189079284668,3.9831607102788626e-05,1.0154634714126587
4240,1.4325237592397042,4.82824935913086,3.9395502220522695e-05,1.1014238595962524
4250,1.4359028511087646,4.771592330932617,3.896121150475363e-05,0.9676913022994995
4260,1.4392819429778247,4.743162536621094,3.8528747955765196e-05,0.8763889074325562
4270,1.442661034846885,4.715183258056641,3.809812451914569e-05,0.832550585269928
4280,1.446040126715945,4.788261795043946,3.766935408540066e-05,1.0605233907699585
4290,1.4494192185850052,4.7618873596191404,3.724244948956681e-05,0.9878960847854614
4300,1.4527983104540656,4.84866943359375,3.681742351082792e-05,0.7921861410140991
4310,1.4561774023231258,4.704704284667969,3.6394288872132335e-05,0.9873544573783875
4320,1.459556494192186,4.870325088500977,3.597305823981194e-05,0.9352831244468689
4330,1.462935586061246,4.888753890991211,3.555374422320315e-05,0.927300214767456
4340,1.4663146779303062,4.832436370849609,3.51363593742694e-05,0.9382323026657104
4350,1.4696937697993664,4.80799674987793,3.472091618722544e-05,1.0652047395706177
4360,1.4730728616684265,4.760724258422852,3.430742709816329e-05,1.0377309322357178
4370,1.4764519535374867,4.805243682861328,3.3895904484679984e-05,0.946058988571167
4380,1.4798310454065469,4.759991455078125,3.3486360665507053e-05,1.0347079038619995
4390,1.4832101372756072,4.7459156036376955,3.307880790014178e-05,0.8469153642654419
4400,1.4865892291446674,4.741061019897461,3.267325838848023e-05,0.8647938370704651
4410,1.4899683210137276,4.794264221191407,3.2269724270451975e-05,0.9602757692337036
4420,1.4933474128827877,4.83326416015625,3.18682176256568e-05,0.9108598828315735
4430,1.4967265047518479,4.765533447265625,3.146875047300304e-05,0.9613068103790283
4440,1.5001055966209083,4.7605445861816404,3.107133477034777e-05,1.0146205425262451
4450,1.5034846884899684,4.772776794433594,3.0675982414139006e-05,1.0423723459243774
4460,1.5068637803590286,4.779130554199218,3.028270523905936e-05,0.8339996337890625
4470,1.5102428722280887,4.789178466796875,2.9891515017672002e-05,0.9038460850715637
4480,1.5136219640971489,4.753692626953125,2.9502423460068006e-05,1.0579087734222412
4490,1.517001055966209,4.7990272521972654,2.9115442213516075e-05,0.9553606510162354
4500,1.5203801478352692,4.7039543151855465,2.8730582862113742e-05,0.8872528672218323
4510,1.5237592397043294,4.812002563476563,2.83478569264406e-05,0.963530957698822
4520,1.5271383315733895,4.77532730102539,2.796727586321345e-05,0.9577420353889465
4530,1.5305174234424497,4.734597396850586,2.7588851064943465e-05,1.0020571947097778
4540,1.53389651531151,4.682419967651367,2.7212593859594993e-05,0.8767744302749634
4550,1.5372756071805702,4.806322860717773,2.683851551024651e-05,1.0207756757736206
4560,1.5406546990496304,4.787218475341797,2.6466627214753514e-05,0.8611459732055664
4570,1.5440337909186908,4.841713714599609,2.6096940105413315e-05,0.9384008049964905
4580,1.547412882787751,4.813821792602539,2.5729465248631735e-05,0.9422680139541626
4590,1.550791974656811,4.810925674438477,2.5364213644591896e-05,0.8495277166366577
4600,1.5541710665258712,4.812874984741211,2.5001196226924917e-05,1.0899018049240112
4610,1.5575501583949314,4.757453536987304,2.4640423862382643e-05,0.8796074390411377
4620,1.5609292502639915,4.849881362915039,2.428190735051229e-05,0.8801964521408081
4630,1.5643083421330517,4.759218978881836,2.3925657423333246e-05,0.9503533244132996
4640,1.5676874340021119,4.739878845214844,2.3571684745015767e-05,0.8657447695732117
4650,1.571066525871172,4.7285003662109375,2.3219999911561742e-05,0.8780417442321777
4660,1.5744456177402322,4.6545166015625,2.287061345048752e-05,0.9143326878547668
4670,1.5778247096092926,4.810115814208984,2.2523535820508847e-05,0.8807030320167542
4680,1.5812038014783527,4.828264999389648,2.217877741122768e-05,0.8315195441246033
4690,1.5845828933474129,4.797651672363282,2.183634854282115e-05,0.9401960372924805
4700,1.587961985216473,4.761376953125,2.1496259465732783e-05,1.0096027851104736
4710,1.5913410770855334,4.791761779785157,2.1158520360365565e-05,1.004071831703186
4720,1.5947201689545936,4.752548599243164,2.0823141336777196e-05,0.8396758437156677
4730,1.5980992608236537,4.855880355834961,2.0490132434377428e-05,0.8692372441291809
4740,1.6014783526927139,4.759171676635742,2.0159503621627696e-05,1.1134568452835083
4750,1.604857444561774,4.79877815246582,1.9831264795742455e-05,0.8371875286102295
4760,1.6082365364308342,4.833143997192383,1.9505425782393115e-05,0.9060545563697815
4770,1.6116156282998944,4.786692428588867,1.9181996335413876e-05,0.9795411825180054
4780,1.6149947201689545,4.780895614624024,1.8860986136509662e-05,1.07237708568573
4790,1.6183738120380147,4.753314208984375,1.854240479496643e-05,0.9214283227920532
4800,1.6217529039070748,4.774152755737305,1.8226261847363434e-05,0.9338244795799255
4810,1.6251319957761352,4.7381549835205075,1.7912566757287776e-05,1.0270696878433228
4820,1.6285110876451954,4.7868293762207035,1.7601328915051106e-05,1.0077627897262573
4830,1.6318901795142555,4.745022583007812,1.7292557637408603e-05,0.9324879050254822
4840,1.6352692713833157,4.8615673065185545,1.698626216727993e-05,0.9122955799102783
4850,1.638648363252376,4.742940139770508,1.6682451673472733e-05,0.9041442275047302
4860,1.6420274551214362,4.737434005737304,1.638113525040801e-05,0.8919641971588135
4870,1.6454065469904964,4.829479217529297,1.6082321917847976e-05,0.8531055450439453
4880,1.6487856388595565,4.749047470092774,1.5786020620626098e-05,0.8857851624488831
4890,1.6521647307286167,4.7192119598388675,1.549224022837922e-05,0.863484799861908
4900,1.6555438225976769,4.839908599853516,1.520098953528204e-05,0.9130663275718689
4910,1.658922914466737,4.799200439453125,1.4912277259784036e-05,0.9822898507118225
4920,1.6623020063357972,4.787971496582031,1.462611204434834e-05,0.9269523024559021
4930,1.6656810982048573,4.790129852294922,1.434250245519304e-05,1.0719256401062012
4940,1.6690601900739175,4.731364822387695,1.4061456982034816e-05,0.833625853061676
4950,1.6724392819429779,4.824372100830078,1.3782984037834756e-05,0.9839621782302856
4960,1.675818373812038,4.733927154541016,1.3507091958546548e-05,0.9350382685661316
4970,1.6791974656810982,4.825774002075195,1.3233789002866881e-05,0.7825812101364136
4980,1.6825765575501586,4.766946792602539,1.2963083351988326e-05,0.938507616519928
4990,1.6859556494192187,4.794760894775391,1.2694983109354342e-05,0.9159632325172424
5000,1.6893347412882789,4.754325103759766,1.2429496300416777e-05,0.9362233281135559
5010,1.692713833157339,4.684195327758789,1.216663087239559e-05,0.9308969378471375
5020,1.6960929250263992,4.736800765991211,1.1906394694040945e-05,0.9394643902778625
5030,1.6994720168954593,4.749138641357422,1.1648795555397719e-05,0.8896836638450623
5040,1.7028511087645195,4.854922866821289,1.1393841167572217e-05,1.0487412214279175
5050,1.7062302006335797,4.819921875,1.1141539162501468e-05,0.9349358081817627
5060,1.7096092925026398,4.658830261230468,1.0891897092724634e-05,0.9007832407951355
5070,1.7129883843717,4.667134475708008,1.0644922431157045e-05,0.9784879088401794
5080,1.7163674762407601,4.785685729980469,1.0400622570866425e-05,0.9036261439323425
5090,1.7197465681098205,4.82232551574707,1.015900482485157e-05,1.0253546237945557
5100,1.7231256599788807,4.866815185546875,9.9200764258236e-06,0.918854832649231
5110,1.7265047518479408,4.734978866577149,9.683844525989172e-06,0.8725669980049133
5120,1.7298838437170012,4.79185676574707,9.450316196836617e-06,1.0222126245498657
5130,1.7332629355860614,4.701625061035156,9.219498428924178e-06,1.093497633934021
5140,1.7366420274551215,4.839866638183594,8.991398131670736e-06,0.9595271944999695
5150,1.7400211193241817,4.828839492797852,8.766022133149e-06,0.8231873512268066
5160,1.7434002111932418,4.789263916015625,8.543377179881074e-06,0.9138978719711304
5170,1.746779303062302,4.767539978027344,8.323469936636618e-06,0.8652442693710327
5180,1.7501583949313622,4.787142181396485,8.106306986233192e-06,0.9729197025299072
5190,1.7535374868004223,4.824318695068359,7.891894829339264e-06,0.8534693121910095
5200,1.7569165786694825,4.756481170654297,7.68023988427965e-06,0.9107674360275269
5210,1.7602956705385426,4.760446166992187,7.471348486843355e-06,1.0086112022399902
5220,1.7636747624076028,4.78381233215332,7.2652268900939235e-06,0.862962543964386
5230,1.7670538542766632,4.772166442871094,7.06188126418218e-06,1.0430192947387695
5240,1.7704329461457233,4.7354377746582035,6.861317696161685e-06,0.9181209802627563
5250,1.7738120380147835,4.755478286743164,6.6635421898064044e-06,0.9225671887397766
5260,1.7771911298838439,4.7946044921875,6.468560665431e-06,0.8599241971969604
5270,1.780570221752904,4.783856201171875,6.276378959713636e-06,0.8669915795326233
5280,1.7839493136219642,4.771116638183594,6.08700282552126e-06,0.8077958822250366
5290,1.7873284054910243,4.813205718994141,5.900437931737379e-06,1.0299768447875977
5300,1.7907074973600845,4.805168914794922,5.716689863092361e-06,0.9321681261062622
5310,1.7940865892291447,4.750472640991211,5.535764119996323e-06,0.8344978094100952
5320,1.7974656810982048,4.7198036193847654,5.357666118374316e-06,0.9919624924659729
5330,1.800844772967265,4.819620132446289,5.182401189504404e-06,0.882949948310852
5340,1.8042238648363251,4.7689472198486325,5.009974579857946e-06,0.883356511592865
5350,1.8076029567053853,4.701882171630859,4.840391450942594e-06,0.9998990297317505
5360,1.8109820485744457,4.842205810546875,4.673656879147737e-06,0.8148568868637085
5370,1.8143611404435058,4.771294403076172,4.509775855592613e-06,1.027363896369934
5380,1.817740232312566,4.749519729614258,4.348753285976859e-06,1.0788599252700806
5390,1.8211193241816261,4.770546722412109,4.190593990433655e-06,0.9797552824020386
5400,1.8244984160506865,4.681315231323242,4.035302703385468e-06,0.7199240326881409
5410,1.8278775079197467,4.751338958740234,3.882884073402282e-06,0.8799899816513062
5420,1.8312565997888068,4.797215270996094,3.7333426630625e-06,0.951286792755127
5430,1.834635691657867,4.794411849975586,3.5866829488163224e-06,0.8922702074050903
5440,1.8380147835269272,4.731145858764648,3.4429093208517505e-06,0.9836341738700867
5450,1.8413938753959873,4.805176544189453,3.3020260829632275e-06,0.9153028130531311
5460,1.8447729672650475,4.769564437866211,3.164037452422719e-06,0.9266602993011475
5470,1.8481520591341076,4.831259918212891,3.028947559853523e-06,0.8782334923744202
5480,1.8515311510031678,4.803072738647461,2.896760449106606e-06,1.0206910371780396
5490,1.854910242872228,4.723785018920898,2.7674800771395616e-06,0.912935197353363
5500,1.8582893347412883,4.743109893798828,2.641110313898154e-06,0.8838184475898743
5510,1.8616684266103485,4.794999313354492,2.5176549422004646e-06,0.9802618026733398
5520,1.8650475184794086,4.777138519287109,2.397117657623715e-06,0.9937790036201477
5530,1.8684266103484688,4.826180267333984,2.279502068393524e-06,0.8429887294769287
5540,1.8718057022175292,4.778963470458985,2.1648116952759923e-06,0.9775307178497314
5550,1.8751847940865893,4.686540222167968,2.053049971472287e-06,0.9641788005828857
5560,1.8785638859556495,4.735664367675781,1.944220242515882e-06,0.9713488221168518
5570,1.8819429778247097,4.782952499389649,1.8383257661723662e-06,0.8142116069793701
5580,1.8853220696937698,4.812400054931641,1.73536971234195e-06,0.8437740206718445
5590,1.88870116156283,4.743784332275391,1.6353551629646247e-06,1.079282522201538
5600,1.8920802534318901,4.816642379760742,1.5382851119278175e-06,0.8641259074211121
5610,1.8954593453009503,4.742193603515625,1.4441624649768171e-06,0.9171954989433289
5620,1.8988384371700104,4.807621765136719,1.3529900396278106e-06,0.96861332654953
5630,1.9022175290390706,4.802735137939453,1.2647705650834952e-06,0.8658932447433472
5640,1.905596620908131,4.771150970458985,1.1795066821514323e-06,0.9001227617263794
5650,1.9089757127771911,4.784130477905274,1.0972009431649332e-06,0.9394237399101257
5660,1.9123548046462513,4.766112518310547,1.0178558119067315e-06,0.8988057971000671
5670,1.9157338965153117,4.7974700927734375,9.41473663535164e-07,0.972942054271698
5680,1.9191129883843718,4.631635665893555,8.68056784513116e-07,1.0472499132156372
5690,1.922492080253432,4.772378921508789,7.976073725395661e-07,0.7864153385162354
5700,1.9258711721224921,4.788572311401367,7.301275364837712e-07,0.9098241925239563
5710,1.9292502639915523,4.809394454956054,6.65619296322173e-07,1.0079123973846436
5720,1.9326293558606125,4.722066497802734,6.040845830779129e-07,1.1218518018722534
5730,1.9360084477296726,4.682170486450195,5.455252387630561e-07,0.9195096492767334
5740,1.9393875395987328,4.755037307739258,4.899430163234131e-07,0.8247358798980713
5750,1.942766631467793,4.777678298950195,4.373395795860713e-07,0.9804902076721191
5760,1.946145723336853,4.759738922119141,3.8771650320961196e-07,0.9446309208869934
5770,1.9495248152059133,4.82171630859375,3.4107527263698146e-07,1.0453872680664062
5780,1.9529039070749736,4.823479461669922,2.9741728405097145e-07,1.0139145851135254
5790,1.9562829989440338,4.716180801391602,2.5674384433247433e-07,0.8516566753387451
5800,1.959662090813094,4.709953308105469,2.19056171021359e-07,0.818433403968811
5810,1.9630411826821543,4.683135986328125,1.8435539228000009e-07,1.0254573822021484
5820,1.9664202745512145,4.797141265869141,1.5264254685951606e-07,0.8896705508232117
5830,1.9697993664202746,4.725799179077148,1.2391858406869407e-07,0.9276107549667358
5840,1.9731784582893348,4.854626083374024,9.818436374553486e-08,0.9877197742462158
5850,1.976557550158395,4.801667785644531,7.544065623156237e-08,0.9458657503128052
5860,1.9799366420274551,4.83812141418457,5.568814234870878e-08,0.8637328743934631
5870,1.9833157338965153,4.707716751098633,3.892741337898631e-08,0.8610195517539978
5880,1.9866948257655754,4.74852409362793,2.5158971046757017e-08,1.0484365224838257
5890,1.9900739176346356,4.661084747314453,1.438322750371146e-08,1.0360368490219116
5900,1.9934530095036957,4.798944091796875,6.600505316567418e-09,0.8807028532028198
5910,1.996832101372756,4.811111831665039,1.811037457366549e-09,1.027984380722046
5920,2.0,4.789666366577149,1.4967296513290764e-11,1.6558997631072998
