true_label,pred_label,confidence,explanation,json_valid,review_text,category,body_type,height_in,weight_lbs,age,bust,size,correct,review_len,conf_bucket,review_bucket,judge_accuracy,judge_expl_quality,judge_comment
small,small,0.85,"This item runs small — consider sizing up. Customer noted: ""I rented this as a cover-up for a vacation and it was perfect. It would have been too short to wear as an everyday outfit...""",True,I rented this as a cover-up for a vacation and it was perfect. It would have been too short to wear as an everyday outfit. The material was perfect for hot weather. The off the shoulder stayed up and wasn't too tight. The only reason I say it runs small is that the shorts are SHORT. ,romper,athletic,64,125,30,32d,8,True,284,0.8-0.9,medium (100-300),yes,good,"The prediction aligns with the review indicating the item may be too short for everyday wear, but the explanation could be more specific about the fit."
fit,small,0.8,"This item runs small — consider sizing up. Customer noted: ""This was not a dress I originally ordered and was sent as a back up for an original selection that was out of stock. I wa...""",True,"This was not a dress I originally ordered and was sent as a back up for an original selection that was out of stock. I was not terribly happy, TBH. But then I put this on, and wowza! First off, I am a 38DD and so wearing this without any support was not an option. After a couple of different tried I found that a tank top with a shelf bra provided just the right amount of coverage/support. The dress creates a fantastic silhouette without accentuating my particular problem area- my lower belly. I got so many compliments during the night, and my husband has suggested that I just buy this dress because I felt and looked so fantastic in it- and I might! ",gown,hourglass,69,195,41,38dd,28,False,657,0.8-0.9,long (300+),no,poor,"The AI's prediction of 'small' contradicts the customer's positive reaction to the gown, indicating it likely fits well."
large,small,0.85,"This item runs small — consider sizing up. Customer noted: ""I love the color and dramatic back of this dress. It was a bit big in the chest, but I was also very self conscious abou...""",True,"I love the color and dramatic back of this dress. It was a bit big in the chest, but I was also very self conscious about that area due to my malfunctioning adhesive backless bra cups (maybe i ordered the wrong size cups? won't be using them again). It's a lovely thick fabric and I found the dress to be flattering and elegant with a twist. I wore 4 inch heels and the dress length was perfect. But once I started dancing I ditched the heels and had to hold my dress up to avoid stepping on it. A satin sash in the same color would've been a nice addition to the waist line. I would still order this again!",gown,athletic,64,130,34,34b,7,False,607,0.8-0.9,long (300+),no,poor,The AI's prediction of 'small' contradicts the ground truth label of 'large' and the review indicates the dress was big in the chest.
large,small,0.85,"This item runs small — consider sizing up. Customer noted: ""This dress is flattering, adorable, and it was perfect for my work convention!  I got TONS of compliments!  Even though...""",True,"This dress is flattering, adorable, and it was perfect for my work convention!  I got TONS of compliments!  Even though it was a little on the short side, it showed just enough leg to be flirty without being inappropriate.  I wish I could buy this dress!",dress,hourglass,67,130,31,34c,4,False,254,0.8-0.9,medium (100-300),no,poor,"The AI's prediction of 'small' is incorrect as the ground truth is 'large', and the explanation does not address the review's context regarding fit."
large,small,0.85,"This item runs small — consider sizing up. Customer noted: ""I am petite and the dress ran a bit large on the top portion of the dress specifically. Otherwise, this dress was extre...""",True,"I am petite and the dress ran a bit large on the top portion of the dress specifically. Otherwise, this dress was extremely comfortable and something I would definitely wear again.",dress,petite,63,130,32,36b,12,False,180,0.8-0.9,medium (100-300),no,poor,The AI's prediction of 'small' contradicts the customer's feedback that the dress ran large on the top.
large,small,0.85,"This item runs small — consider sizing up. Customer noted: ""Fit true to size and hit just above the floor in flats.  I wore it with strapless spanx, otherwise I am sure it would...""",True,"Fit true to size and hit just above the floor in flats.  I wore it with strapless spanx, otherwise I am sure it would have been very comfortable. Perfect pick for my event, very happy overall with the dress.",maxi,hourglass,69,165,34,34ddd/e,24,False,207,0.8-0.9,medium (100-300),no,poor,"The AI's prediction of 'small' contradicts the review stating the fit is true to size, and the explanation does not adequately address the review's content."
fit,small,0.8,"This item runs small — consider sizing up. Customer noted: ""I didn't need to wear a bra with this, which I loved. People were chasing me down all night to compliment the dress so I...""",True,"I didn't need to wear a bra with this, which I loved. People were chasing me down all night to compliment the dress so I think it was a hit. I definitely recommend it!",sheath,hourglass,65,140,26,34dd,8,False,167,0.8-0.9,medium (100-300),yes,good,"The AI's prediction aligns with the positive review, indicating a good fit despite the suggestion to size up."
small,small,0.9,"This item runs small — consider sizing up. Customer noted: ""It is a stunner! So happy with it, just hard to walk in because of the bottom, would size up next time.""",True,"It is a stunner! So happy with it, just hard to walk in because of the bottom, would size up next time. ",dress,pear,65,110,26,32a,4,True,104,0.9-1.0,medium (100-300),yes,good,"The prediction aligns with the review's suggestion to size up, indicating the item runs small."
small,small,0.85,"This item runs small — consider sizing up. Customer noted: ""The fit on this dress was a little small.  I wore an 8 and there was some room, but I did need to slide it up a bit to s...""",True,"The fit on this dress was a little small.  I wore an 8 and there was some room, but I did need to slide it up a bit to sit, but otherwise comfortable.  There is no stretch to the lace and the straps are adjustable.  It's a beautiful dress, great color, not too revealing but understated.  I see myself as ""hippy"" but these photos make me look more like a line backer.  I'm 5'9"" 140lbs and I feel like the length probably wasn't my best choice.  Good news I have another event in December to rent for! ",dress,full bust,69,139,52,34dd,16,True,501,0.8-0.9,long (300+),yes,excellent,"The AI's prediction aligns with the review indicating the dress runs small, and the explanation effectively references the customer's experience."
fit,small,0.85,"This item runs small — consider sizing up. Customer noted: ""It was a nice fitting comfortable dress.""",True,It was a nice fitting comfortable dress.,dress,apple,64,155,44,unknown,24,False,40,0.8-0.9,short (<100),yes,good,"The AI's prediction aligns with the review indicating a comfortable fit, despite the size suggestion."
large,small,0.9,"This item runs small — consider sizing up. Customer noted: ""Nothing NOT to love about this dress. The pattern is beautiful and the material very soft.  At 5'2"" it hit me right at t...""",True,"Nothing NOT to love about this dress. The pattern is beautiful and the material very soft.  At 5'2"" it hit me right at the knee.  The dress has a lot of give so you can size down.  ",dress,hourglass,62,128,33,32d,4,False,181,0.9-1.0,medium (100-300),no,poor,"The AI's prediction of 'small' is incorrect as the ground truth label is 'large', and the explanation does not adequately address the sizing issue mentioned in the review."
large,small,0.85,"This item runs small — consider sizing up. Customer noted: ""I ordered a much larger size for 35 week pregnancy bump. This made the top part just a little too large as the sleeves...""",True,"I ordered a much larger size for 35 week pregnancy bump. This made the top part just a little too large as the sleeves kept falling down. I probably should have used some fashion tape. Overall, I enjoyed this piece and received many compliments. It was a deeper red than I was expecting.",shift,petite,62,0,30,36ddd/e,20,False,287,0.8-0.9,medium (100-300),no,poor,"The AI's prediction of 'small' is incorrect as the customer ordered a larger size for their pregnancy bump, indicating a need for a larger fit."
fit,small,0.9,"This item runs small — consider sizing up. Customer noted: ""fit was a dream, pockets were a plus and the skirt detail was a show stopper""",True,"fit was a dream, pockets were a plus and the skirt detail was a show stopper",dress,athletic,67,138,51,36a,16,False,76,0.9-1.0,short (<100),yes,good,"The predicted fit label is correct as the review indicates satisfaction with the fit, despite the AI's suggestion to size up."
small,small,0.8,"This item runs small — consider sizing up. Customer noted: ""It was even better in person!  I rented the same dress just in a pattern, this one was a tad tighter than the other but i...""",True,"It was even better in person!  I rented the same dress just in a pattern, this one was a tad tighter than the other but it was fine.  I didn't need to wear a bra and still felt comfortable enough to have a great time.  The color is phenomenal.  Everyone at the formal event was in blank or navy, and I felt red hot in this!  If you want to feel like the life of the party rent this!!",gown,hourglass,69,0,29,36d,52,True,383,0.8-0.9,long (300+),yes,good,"The prediction of 'small' aligns with the review indicating the dress was a tad tighter, but the explanation could be more specific about the fit."
small,small,0.85,"This item runs small — consider sizing up. Customer noted: ""I'm usually a size 0-2, but had to wear the 4 as this dress has NO give. Unfortunately,  the dress was thus a little big...""",True,"I'm usually a size 0-2, but had to wear the 4 as this dress has NO give. Unfortunately,  the dress was thus a little big in the chest area, but not so much so that it looked bad. As a result, I wouldn't recommend this dress for more curvy girls since there isn't any stretch and the dress can be a little restricting to move in. Overall, very happy with this purchase! Loved it!",sheath,petite,63,118,27,34b,8,True,378,0.8-0.9,long (300+),yes,good,"The AI's prediction aligns with the review indicating the dress runs small, but the explanation could be more specific about the size discrepancy."
fit,small,0.85,"This item runs small — consider sizing up. Customer noted: ""I wore this as part of a Halloween costume. The dress was stretchy but the fabric wasn't too thin. It was a little big i...""",True,"I wore this as part of a Halloween costume. The dress was stretchy but the fabric wasn't too thin. It was a little big in the hips, but the weight of the fabric made it unnoticeable. The MR was LONG. I am 5'6"" and I wore 3"" inch heels and I stepped on it a few times. ",maxi,pear,66,135,27,34b,14,False,268,0.8-0.9,medium (100-300),no,poor,The AI's prediction of 'small' contradicts the review indicating the dress was a little big in the hips.
small,small,0.9,"This item runs small — consider sizing up. Customer noted: ""I usually wear a size 6, but my hips are larger and the 6 was too snug.  I wore my backup size, an 8.  Lots of room up t...""",True,"I usually wear a size 6, but my hips are larger and the 6 was too snug.  I wore my backup size, an 8.  Lots of room up top for a larger bust.  The length was perfect.",sheath,hourglass,62,130,25,34ddd/e,16,True,166,0.9-1.0,medium (100-300),yes,good,The prediction aligns with the review indicating a need for a larger size due to fit issues.
small,small,0.95,"This item runs small — consider sizing up. Customer noted: ""This dress was super flattering! I did have to size up, for reference I have recently worn size 2 in Nicole Miller, Hal...""",True,"This dress was super flattering! I did have to size up, for reference I have recently worn size 2 in Nicole Miller, Halston Heritage, Slate & Willow and they all fit perfectly. Had to size up only due to the bust and butt. I think if you were smaller in those areas you would be fine with the 2. Overall loved this dress - just wish for these longer length dresses they had petite lengths as it was longer than I would have liked! ",dress,petite,62,122,30,32d,8,True,431,0.9-1.0,long (300+),yes,excellent,"The AI's prediction aligns with the customer's experience of needing to size up, and the explanation effectively references the review."
large,small,0.9,"This item runs small — consider sizing up. Customer noted: ""This is a gorgeous dress. I had planned on wearing it a formal event and ordered the regular length based on previous rev...""",True,"This is a gorgeous dress. I had planned on wearing it a formal event and ordered the regular length based on previous reviews. Unfortunately even with over 4 inch heels, it was too long. My daughter (photographed with me) who is a little over 6 feet tall ended up wearing it. I think you have to be a supermodel to pull this length. I can't imagine how long the tall length runs. Maybe Usain Bolt could pull that off : ) That being said- it was so beautiful and she gots tons of compliments (she wore the regular length with flats). ",gown,straight & narrow,67,131,48,34c,12,False,533,0.9-1.0,long (300+),no,poor,"The AI's prediction of 'small' is incorrect as the ground truth is 'large', and the explanation does not address the length issue mentioned in the review."
small,small,0.85,"This item runs small — consider sizing up. Customer noted: ""I wore it with a nude heel and simple jewelry. The dress speaks for itself!""",True,I wore it with a nude heel and simple jewelry. The dress speaks for itself! ,gown,straight & narrow,67,120,25,32b,4,True,76,0.8-0.9,short (<100),yes,good,"The prediction aligns with the ground truth label, but the explanation could be more specific about how the review supports the sizing recommendation."
small,small,0.85,"This item runs small — consider sizing up. Customer noted: ""I received a lot of compliments on this dress. The bright color and simple silhouette made the dress incredibly flatte...""",True,"I received a lot of compliments on this dress. The bright color and simple silhouette made the dress incredibly flattering. I am pictured in the 4, but ended up wearing the 6. With the 4 I would not have been able to wear a bra, eat, or move freely. The 6 fit more comfortably, and was still flattering.  ",dress,athletic,64,125,29,34b,12,True,305,0.8-0.9,long (300+),yes,good,"The AI's prediction aligns with the review indicating the dress runs small, but the explanation could be more specific about the size discrepancy."
fit,small,0.85,"This item runs small — consider sizing up. Customer noted: ""Both sizes fit great, but went with the smaller one for a more snug fit. Color was beautiful and the length was perfect...""",True,"Both sizes fit great, but went with the smaller one for a more snug fit. Color was beautiful and the length was perfect for a girl of my height. ",sheath,unknown,67,145,34,36a,12,False,145,0.8-0.9,medium (100-300),yes,good,"The AI's prediction aligns with the review indicating a preference for a smaller fit, but the explanation could be more specific about the customer's choice."
small,small,0.85,"This item runs small — consider sizing up. Customer noted: ""Wore the 0R. Was a little tighter at the top than expected. Wore it with alot of gold jewelry.""",True,Wore the 0R. Was a little tighter at the top than expected. Wore it with alot of gold jewelry.,dress,straight & narrow,64,0,37,34a,1,True,94,0.8-0.9,short (<100),yes,good,"The predicted fit label is correct as the review indicates the item was tighter than expected, supporting the small size prediction."
small,small,0.85,"This item runs small — consider sizing up. Customer noted: ""I rented this as my back up dress for a semi formal gala. I love this designer and the dress is beautiful. I did find th...""",True,"I rented this as my back up dress for a semi formal gala. I love this designer and the dress is beautiful. I did find the fabric didn't have much give, especially the sleeves. I also found the neck somewhat constricting. Might try a size larger if I order it as a back up next time? Something to keep in mind: there's no zipper in the back or anything and the neck is tight, so it kind of messes with your make up and hair when you put it on. Unless maybe you put the dress on first and wear a sheet over it while you do your make up. I ended up wearing the other dress I rented because it was more comfortable.",dress,unknown,67,133,37,34b,8,True,611,0.8-0.9,long (300+),yes,good,"The prediction aligns with the review's mention of the dress's lack of give, indicating it runs small."
fit,small,0.9,"This item runs small — consider sizing up. Customer noted: ""Wore this dress for a formal holiday party for work. Received numerous compliments - felt like the belle of the ball! F...""",True,"Wore this dress for a formal holiday party for work. Received numerous compliments - felt like the belle of the ball! Fit perfectly, length was appropriate even with flats. LOVE LOVE LOVE.",gown,unknown,68,135,28,unknown,5,False,188,0.9-1.0,medium (100-300),yes,good,"The prediction aligns with the positive review indicating a good fit, but the explanation could be more specific about the fit details."
small,small,0.85,"This item runs small — consider sizing up. Customer noted: ""This dress was beautiful and classic, I received many compliments on it and it truly was appropriate for the occasion, a...""",True,"This dress was beautiful and classic, I received many compliments on it and it truly was appropriate for the occasion, a wedding.  One item to note however, is that the sequins were super uncomfortable and I had a rash under both arms by the end of the night.  ",dress,hourglass,66,126,41,34b,12,True,261,0.8-0.9,medium (100-300),yes,good,"The predicted fit label is correct, but the explanation could better connect the discomfort mentioned in the review to the sizing issue."
large,small,0.85,"This item runs small — consider sizing up. Customer noted: ""I wore this dress for my formal engagement photos and absolutely loved it! It was just the perfect amount of sparkle an...""",True,"I wore this dress for my formal engagement photos and absolutely loved it! It was just the perfect amount of sparkle and was literally stopping traffic as we took our photos in a downtown area. It also photographed very well. It did run slightly large. I am typically a size 6, but wore a size 2. ",gown,hourglass,64,120,26,34c,4,False,297,0.8-0.9,medium (100-300),no,poor,"The AI's prediction of 'small' is incorrect as the ground truth label is 'large', and the explanation does not adequately address the review's positive sentiment about the fit."
fit,small,0.85,"This item runs small — consider sizing up. Customer noted: ""Wore this dress to a casual, mid-summer wedding. It was the perfect length and style for the crowd of mostly family with...""",True,"Wore this dress to a casual, mid-summer wedding. It was the perfect length and style for the crowd of mostly family with a few friends--young and stylish without showing too much skin. Still though, those laser cutouts on the chest go pretty deep and pretty wide, so there's potential for quite a bit of peek-a-boo cleavage (lucky for me, I'm not chesty). Also, the neoprene fabric shows every dimple and fold, which made underwear selection an absolute nightmare. ",dress,athletic,65,130,28,34b,14,False,465,0.8-0.9,long (300+),yes,good,"The AI's prediction aligns with the review's indication of a good fit, but the explanation could be more specific about the customer's experience."
large,small,0.85,"This item runs small — consider sizing up. Customer noted: ""never ordered dresses sized this way. wish I would have got it a size smaller. the stretch in the material would have b...""",True,"never ordered dresses sized this way. wish I would have got it a size smaller. the stretch in the material would have been better tighter. but, it looked good...just could have been sexier. rented for Valentine's night date. fabric so comfy. MN winter and fabric was thick enough to be fine. don't know if I would have liked it in hot weather.",sheath,unknown,64,120,49,34c,16,False,343,0.8-0.9,long (300+),no,poor,"The AI's prediction of 'small' contradicts the customer's feedback about needing a smaller size, and the explanation does not accurately reflect the review."
large,small,0.85,"This item runs small — consider sizing up. Customer noted: ""beautiful pattern. thick top. pretty skirt. runs large and was unflattering""",True,beautiful pattern. thick top. pretty skirt. runs large and was unflattering,dress,pear,69,165,46,36b,24,False,75,0.8-0.9,short (<100),no,poor,"The AI's prediction of 'small' contradicts the review indicating the item runs large, making the explanation unhelpful."
large,small,0.9,"This item runs small — consider sizing up. Customer noted: ""Loved this dress!  I wore it to a carnival on the 4th of July with my kids.  It was lightweight and easy for a hot day.""",True,Loved this dress!  I wore it to a carnival on the 4th of July with my kids.  It was lightweight and easy for a hot day.  ,dress,straight & narrow,68,134,36,34b,8,False,121,0.9-1.0,medium (100-300),no,poor,"The AI's prediction of 'small' is incorrect as the ground truth label is 'large', and the explanation does not adequately address the customer's positive experience with the dress."
fit,small,0.85,"This item runs small — consider sizing up. Customer noted: ""I typically wear a size S in clothing and a 0 or 2 in dresses..the size S fit perfectly. Very low cut, but nothing a litt...""",True,"I typically wear a size S in clothing and a 0 or 2 in dresses..the size S fit perfectly. Very low cut, but nothing a little fashion tape didn't help! Would highly recommend this dress. ",dress,athletic,68,125,20,34a,8,False,185,0.8-0.9,medium (100-300),no,good,"The AI's prediction of 'small' contradicts the customer's experience of fitting perfectly in a size S, which suggests the dress may not run small for them."
large,small,0.85,"This item runs small — consider sizing up. Customer noted: ""I was glad I ordered 2 sizes because I usually wear a size 12 and the 10 I got was too big. It was big up top and the s...""",True,"I was glad I ordered 2 sizes because I usually wear a size 12 and the 10 I got was too big. It was big up top and the straps kept falling down. I have bigger thighs and hips and the dress made me look wider than I am. It was a pretty dress, but I would suggest going down a couple sizes because this dress made me feel very bulky.",dress,hourglass,64,0,29,36b,20,False,330,0.8-0.9,long (300+),no,poor,"The AI's prediction of 'small' contradicts the review indicating the dress was too big, and the explanation does not accurately reflect the customer's experience."
small,small,0.9,"This item runs small — consider sizing up. Customer noted: ""This dress definitely runs small- I'm normally a 4-6 and the 8 was tight in the middle and big in the shoulders. The de...""",True,"This dress definitely runs small- I'm normally a 4-6 and the 8 was tight in the middle and big in the shoulders. The design is really pretty. Maybe would look better on someone who has a straighter figure. I'm 5'4, 125, 34D and size 27 in jeans. ",dress,petite,64,125,25,34d,16,True,246,0.9-1.0,medium (100-300),yes,good,"The prediction aligns with the review indicating the dress runs small, but the explanation could be more specific about the customer's size context."
fit,small,0.9,"This item runs small — consider sizing up. Customer noted: ""Unfortunately didn't get to wear the dress as the birthday brunch I bought it for was cancelled but I wore it around the...""",True,"Unfortunately didn't get to wear the dress as the birthday brunch I bought it for was cancelled but I wore it around the house for fun.  The small fit perfectly but I've left off one star for the length as it was just a little too long for my 5'2"", even with 4"" wedges.  Still though, the dress is very pretty, light and airy and the slit makes it easier to walk around in with the length.  I would definitely rent this again!",maxi,athletic,62,135,36,36a,8,False,426,0.9-1.0,long (300+),no,good,"The predicted fit label is incorrect as the customer stated that the small fit perfectly, indicating that the size 8 may not be appropriate."
small,small,0.85,"This item runs small — consider sizing up. Customer noted: ""I'm so glad I ordered one size up, otherwise this dress would have been too small. It was a good length on me, hitting...""",True,"I'm so glad I ordered one size up, otherwise this dress would have been too small. It was a good length on me, hitting me just above the knee. I wore tights under which helped to smooth out my shape, this dress isn't very forgiving in that department. Otherwise I did receive several compliments on this one.",dress,pear,65,0,35,34b,26,True,308,0.8-0.9,long (300+),yes,excellent,"The AI's prediction aligns with the customer's experience of needing to size up, and the explanation effectively references the review."
fit,small,0.85,"This item runs small — consider sizing up. Customer noted: ""The dress fit perfectly and I got many compliments at our rehearsal dinner.  The dress is beautiful in person and I wou...""",True,"The dress fit perfectly and I got many compliments at our rehearsal dinner.  The dress is beautiful in person and I would definitely recommend it!  The hem was a little undone on the one I rented, but unless I pointed it out I was the only one who noticed. It did not stop me from wearing the dress.",sheath,hourglass,63,0,32,36c,16,False,299,0.8-0.9,medium (100-300),yes,poor,"The prediction is correct as the review indicates a perfect fit, but the explanation does not accurately reflect the customer's experience."
fit,small,0.85,"This item runs small — consider sizing up. Customer noted: ""I love this sweater! Its unique and also very comfortable. This runs true to size and is great for any cup size. It is...""",True,I love this sweater! Its unique and also very comfortable. This runs true to size and is great for any cup size. It is loose and there is comfortable room throughout the midsection. This may be worn with a standard bra. The fabric does have some stretch! Pair this with statement earrings and jeans! ,sweatshirt,straight & narrow,66,110,24,32a,8,False,300,0.8-0.9,medium (100-300),no,poor,The AI's prediction of 'small' contradicts the review stating the item runs true to size and is comfortable.
small,small,0.9,"This item runs small — consider sizing up. Customer noted: ""trouble with the arms but worked it out""",True,trouble with the arms but worked it out,gown,athletic,68,162,62,34b,25,True,39,0.9-1.0,short (<100),yes,good,"The prediction aligns with the review, but the explanation could provide more detail about the specific fit issues."
small,small,0.8,"This item runs small — consider sizing up. Customer noted: ""Fit me snug but not uncomfortably at high waist. I'm only 5 feet tall so these grazed the very back of my 4"" heels almos...""",True,"Fit me snug but not uncomfortably at high waist. I'm only 5 feet tall so these grazed the very back of my 4"" heels almost to the floor. I sized up one size from my usual size 6. Beautiful  fabric. the pale stripe is almost but not quite silvery in color not white.
",trousers,pear,60,127,50,34dd,16,True,265,0.8-0.9,medium (100-300),yes,excellent,"The AI's prediction aligns with the review, which indicates a snug fit and the need to size up."
fit,small,0.85,"This item runs small — consider sizing up. Customer noted: ""This dress was so pretty on! I loved wearing it and would have bought it if I could afford it.""",True,This dress was so pretty on! I loved wearing it and would have bought it if I could afford it.,dress,apple,70,160,36,36dd,20,False,94,0.8-0.9,short (<100),no,good,"The AI's prediction of 'small' contradicts the customer's positive review of the dress, suggesting it fit well."
large,small,0.8,"This item runs small — consider sizing up. Customer noted: ""Pros: It fit well so I didn't have to worry about something popping out
Cons: Hard to zip up because of the material""",True,"Pros: It fit well so I didn't have to worry about something popping out
Cons: Hard to zip up because of the material",gown,athletic,69,165,27,34b,13,False,116,0.8-0.9,medium (100-300),no,good,"The AI's prediction of 'small' contradicts the ground truth label of 'large', despite the review indicating a good fit."
fit,small,0.9,"This item runs small — consider sizing up. Customer noted: ""I got compliments on this dress all night. It was so comfortable and hugged in all the right places. I am a size 30G and...""",True,I got compliments on this dress all night. It was so comfortable and hugged in all the right places. I am a size 30G and didn’t have to wear a bra which was a huge bonus. I wore 3 inch heels and the length was perfect. I have no complaints about this dress other than that I had to return it! ,gown,hourglass,65,140,28,30g,8,False,293,0.9-1.0,medium (100-300),yes,good,"The AI's prediction aligns with the review indicating a comfortable fit, but the explanation could be more specific about the size recommendation."
fit,small,0.905,"This item runs small — consider sizing up. Customer noted: ""I loved everything about this dress. From the color, to the lace, to the fit- I couldn't have asked for a better dress,...""",True,"I loved everything about this dress. From the color, to the lace, to the fit- I couldn't have asked for a better dress, and I received so many compliments on it.",dress,athletic,66,140,28,36d,12,False,161,0.9-1.0,medium (100-300),yes,good,"The prediction aligns with the positive review, but the explanation could be more specific about the fit."
large,small,0.85,"This item runs small — consider sizing up. Customer noted: ""Blouse is beautiful u wore it twice, twice forgot to take pick. The blouse is big, the look calls for it but I think a s...""",True,"Blouse is beautiful u wore it twice, twice forgot to take pick. The blouse is big, the look calls for it but I think a size down would have looked better. The tassels on the sleeves are an issue but I fixed it by hiding them inside the sleeves. Lots of cleavage, so beware if that's an issue for you. A cute bra or tank helps. ",top,full bust,63,150,29,34dd,20,False,327,0.8-0.9,long (300+),no,poor,"The AI's prediction of 'small' contradicts the customer's feedback that the blouse is big, indicating a size down would have been better."
fit,small,0.85,"This item runs small — consider sizing up. Customer noted: ""Beautiful versatile lace dress.  I wore this to work but could definitely dress up for any occasion.""",True,Beautiful versatile lace dress.  I wore this to work but could definitely dress up for any occasion.,dress,hourglass,61,156,32,36c,20,False,100,0.8-0.9,short (<100),no,poor,"The AI's prediction of 'small' contradicts the customer's experience of wearing the dress comfortably, and the explanation does not effectively connect to the review."
small,small,0.85,"This item runs small — consider sizing up. Customer noted: ""I loved the curvy shape of this photo, but if you bulge anywhere, this dress will reveal it. I ordered 1 size up, and sh...""",True,"I loved the curvy shape of this photo, but if you bulge anywhere, this dress will reveal it. I ordered 1 size up, and should have ordered 2 sizes up.  The fabric is a tight, stretchy, non-breathable material that feels like neoprene (scuba material). Very sexy, but only appropriate if you have an awesome figure. ",dress,hourglass,64,115,45,34a,8,True,314,0.8-0.9,long (300+),yes,good,"The prediction aligns with the review's indication that the dress runs small, but the explanation could be more specific about the sizing issue."
large,small,0.85,"This item runs small — consider sizing up. Customer noted: ""Great casual style. I have rented both the grey and the black and will rent them again.""",True,Great casual style. I have rented both the grey and the black and will rent them again.,turtleneck,pear,66,0,44,32b,14,False,87,0.8-0.9,short (<100),no,poor,"The AI's prediction of 'small' is incorrect as the ground truth label is 'large', and the explanation does not adequately address the customer's experience with sizing."
large,small,0.85,"This item runs small — consider sizing up. Customer noted: ""Fits true to size, maybe just slightly on the bigger side. I am 5'8'' and it was a good length. I would definitely recom...""",True,"Fits true to size, maybe just slightly on the bigger side. I am 5'8'' and it was a good length. I would definitely recommend this piece. ",romper,athletic,68,145,29,36b,8,False,137,0.8-0.9,medium (100-300),no,poor,The AI's prediction of 'small' contradicts the review indicating the item fits true to size or slightly larger.
small,small,0.8,"This item runs small — consider sizing up. Customer noted: ""I mostly like it, but it looked kind of weird since it's quite boxy. And tight fitting""",True,"I mostly like it, but it looked kind of weird since it's quite boxy. And tight fitting",jacket,straight & narrow,65,120,25,34b,4,True,86,0.8-0.9,short (<100),yes,good,"The prediction of 'small' aligns with the review, but the explanation could better address the boxy fit concern."
large,small,0.85,"This item runs small — consider sizing up. Customer noted: ""very boxy/ runs very large-- I ordered the small and wear a 34C / size 4 or 6 usually for tops and the small looked ri...""",True,very boxy/ runs very large-- I ordered the small and wear a 34C / size 4 or 6 usually for tops and the small looked ridiculous on me. Would have been cute in the XS. Very thick fabric/ good for winter.,jacket,athletic,62,120,27,34c,8,False,201,0.8-0.9,medium (100-300),no,poor,The AI's prediction of 'small' contradicts the review stating the item runs large and the customer needed an XS.
small,small,0.85,"This item runs small — consider sizing up. Customer noted: ""Gorgeous! The detail was amazing.""",True,Gorgeous! The detail was amazing.,shift,athletic,62,110,46,32c,4,True,33,0.8-0.9,short (<100),yes,good,"The prediction is correct based on the item running small, but the review does not provide specific fit feedback."
small,small,0.85,"This item runs small — consider sizing up. Customer noted: ""Received may compliments all night, I normally wear a medium but it was way too tight had to wear the large. I'm very sh...""",True,"Received may compliments all night, I normally wear a medium but it was way too tight had to wear the large. I'm very short (5'0) so the legs rested pretty nice at the top of my heels. Great outfit wish I could keep it.",jumpsuit,unknown,60,150,32,unknown,20,True,219,0.8-0.9,medium (100-300),no,good,The predicted fit label is incorrect as the customer indicated they needed a larger size.
small,small,0.8,"This item runs small — consider sizing up. Customer noted: ""This dress is VERY tight through the arms and shoulders. If you have any kind of muscle in that area I would recommend ag...""",True,"This dress is VERY tight through the arms and shoulders. If you have any kind of muscle in that area I would recommend against it. I'm normally a 10, wore the 12 and felt like I was going to rip it the whole time. Couldn't sit down comfortably. It's also definitely not as long as the model makes it seem. I am about 5'11 and it came right beneath my knees.  Pretty but super uncomfortable.",sheath,hourglass,71,190,26,36d,24,True,390,0.8-0.9,long (300+),yes,good,"The prediction aligns with the review's indication of tightness, but the explanation could be more specific about the size discrepancy."
large,large,0.85,"This item runs large — consider sizing down. Customer noted: ""This is a great sort of dressed up grunge vibe and I lived in this comfy shirt/jacket for a weekend. That said, it doe...""",True,"This is a great sort of dressed up grunge vibe and I lived in this comfy shirt/jacket for a weekend. That said, it does run large, so if you're a very petite woman, it might not be the best fit.",shirt,straight & narrow,67,120,28,32c,4,True,194,0.8-0.9,medium (100-300),yes,good,"The prediction of 'large' is correct based on the review, but the explanation could be more specific about the customer's body type."
small,small,0.8,"This item runs small — consider sizing up. Customer noted: ""The small fit better around the shoulders and bust. However, the slip on the small was very tight and didn't allow much...""",True,"The small fit better around the shoulders and bust. However, the slip on the small was very tight and didn't allow much movement, so I wore the medium.",dress,athletic,63,125,26,34d,14,True,151,0.8-0.9,medium (100-300),yes,good,"The prediction of 'small' is correct based on the review, but the explanation could be clearer about the fit issues."
large,small,0.85,"This item runs small — consider sizing up. Customer noted: ""This dress runs a bit large so it was a little big around the hips. I would say I am average around the hip area and typ...""",True,"This dress runs a bit large so it was a little big around the hips. I would say I am average around the hip area and typically don't have an issue with this. The fabric was sleek and very nice. As mentioned, the color was great. It's not as red as it appears in the pictures. It's a little more maroon. Overall, great dress!",sheath,petite,65,125,29,32b,8,False,324,0.8-0.9,long (300+),no,poor,"The AI's prediction of 'small' contradicts the review stating the dress runs large, making the accuracy incorrect and the explanation unhelpful."
large,small,0.85,"This item runs small — consider sizing up. Customer noted: ""I was so glad that I read the previous reviews, as I would have never ordered at size 4, but that was perfect.  The six...""",True,"I was so glad that I read the previous reviews, as I would have never ordered at size 4, but that was perfect.  The six would have been WAY too big.  The straps are rather long on this dress so I had to pin them.  Wish they had adjustable straps.  Other than that it was a beautiful and comfortable dress with pockets!!!",gown,athletic,68,135,39,34a,8,False,320,0.8-0.9,long (300+),no,poor,"The AI's prediction of 'small' contradicts the review indicating that a size 4 would have been perfect, and the explanation lacks clarity and relevance."
large,small,0.9,"This item runs small — consider sizing up. Customer noted: ""This dress is stunning, the photos really do not do it justice. It simply looks amazing in person, I received so many co...""",True,"This dress is stunning, the photos really do not do it justice. It simply looks amazing in person, I received so many complements when I wore it to a black tie wedding. It really is a showstopper, the color is fabulous, and the style is so fashionable. I have  slim body type, so  I will say it was slightly large in the hips for me, even in a 0. Still wore it, though, and it still looked amazing. I have nothing to say except good things about this dress.",gown,straight & narrow,67,115,26,30b,1,False,457,0.9-1.0,long (300+),no,poor,The AI's prediction of 'small' contradicts the ground truth label of 'large' and the explanation does not effectively relate to the review.
small,small,0.85,"This item runs small — consider sizing up. Customer noted: ""I wore this for my birthday dinner and it was adorable. I got lots of complements from friends and strangers.""",True,I wore this for my birthday dinner and it was adorable. I got lots of complements from friends and strangers. ,dress,unknown,65,0,33,34c,12,True,110,0.8-0.9,medium (100-300),yes,good,"The prediction aligns with the review's positive feedback, but the explanation could be more specific about how the size relates to the customer's profile."
fit,small,0.85,"This item runs small — consider sizing up. Customer noted: ""My grandmother was a style icon in many ways-- a sassy Southern belle with a huge and amazing closet. I got this dress...""",True,"My grandmother was a style icon in many ways-- a sassy Southern belle with a huge and amazing closet. I got this dress to wear to her funeral where I was the main speaker. I felt like it hit the right note. Conservative enough to still be appropriate for a somber occasion, but stylish enough that I felt like I was honoring her memory. Like other reviewers, I found it to be formfitting, however, I disagree with the idea you can't wear it with Spanx! (I did and it looked GREAT and very flattering.)  I would say this is a very versatile dress-- you could wear it to a conservative work function or glam it up with accessories for a cocktail party or a night out. If I had this in my closet, it would get a lot of wear for sure. ",dress,hourglass,63,132,37,34d,14,False,731,0.8-0.9,long (300+),ambiguous,poor,"The review does not provide clear information about the fit of the dress, making the prediction uncertain."
large,small,0.9,"This item runs small — consider sizing up. Customer noted: ""i thought it was a cute top, the color is very vibrant.  ran a tad large so I was able to wear the 8 instead of a 10.  lov...""",True,"i thought it was a cute top, the color is very vibrant.  ran a tad large so I was able to wear the 8 instead of a 10.  loved it.  ",top,hourglass,64,154,42,36d,16,False,130,0.9-1.0,medium (100-300),no,poor,"The AI's prediction of 'small' contradicts the review indicating the item ran large, and the explanation does not accurately reflect the customer's experience."
small,small,0.85,"This item runs small — consider sizing up. Customer noted: ""Shape: Since the dress snugs against my figure, I wore body shaper to have every flabby tucked in. 
Material: There's a...""",True,"Shape: Since the dress snugs against my figure, I wore body shaper to have every flabby tucked in. 
Material: There's a little stretch so that made room while sitting. It's lined inside so there's a little weight to the dress that helps sustain its shape and remain wrinkle-free throughout the wedding reception. 
Length: I'm glad that I had ordered the petite because the dressed dropped near my toes with 3-inch heels. Did not drag on the dance floor at all. 
Color: The blue is as you see it online. The downside of this beautiful blue is that the bride's second reception dress happened to be the same color and similar cut  *( 0_o)  I tried, I seriously tried not to match the bridal party.",gown,apple,63,138,32,36c,15,True,695,0.8-0.9,long (300+),yes,good,"The prediction aligns with the review indicating the dress is snug, but the explanation could be more detailed."
fit,small,0.9,"This item runs small — consider sizing up. Customer noted: ""I wore this for a dinner out with my boyfriend.  I have a large chest/wide rib cage and it fit fine. I was easily able t...""",True,"I wore this for a dinner out with my boyfriend.  I have a large chest/wide rib cage and it fit fine. I was easily able to use some tape to keep everything in place.  It was a little short waisted on me (and I think I have a average length torso), but it wasn't noticeable or uncomfortable.   I thought the unlined back, nude lining, and deep plunge V-neck added some sex appeal while keeping it classy.  I rented the medium and the large (normally an 8 or 10 in dresses) and I wore the medium. ",dress,athletic,68,150,25,34d,14,False,494,0.9-1.0,long (300+),no,good,The AI's prediction of 'small' contradicts the reviewer's experience of the dress fitting fine despite having a large chest.
small,small,0.85,"This item runs small — consider sizing up. Customer noted: ""I didn't wear this unfortunately, the sleeves were way too long""",True,"I didn't wear this unfortunately, the sleeves were way too long",dress,petite,63,118,28,34b,1,True,63,0.8-0.9,short (<100),yes,good,"The predicted fit label is correct, but the explanation could be more specific about the fit issue."
fit,small,0.9,"This item runs small — consider sizing up. Customer noted: ""I ordered the 6 and ended up wearing the backup size 8 just to be more comfortable throughout the entire ceremony. It wa...""",True,I ordered the 6 and ended up wearing the backup size 8 just to be more comfortable throughout the entire ceremony. It was longer than I had anticipated. It hit me just above the knee. I wore spanx underneath and you couldn't see the outline. The material is thick enough to hide that. But would totally order and wear over and over again. ,sheath,athletic,66,135,28,34b,16,False,339,0.9-1.0,long (300+),no,good,"The AI's prediction of 'small' is incorrect as the customer found the size 8 more comfortable, indicating the item runs larger than expected."
large,small,0.85,"This item runs small — consider sizing up. Customer noted: ""The fit was a little big across the chest and shoulders (6P and 34A, 5'5"" and 135 lbs) but was comfortable for my event...""",True,"The fit was a little big across the chest and shoulders (6P and 34A, 5'5"" and 135 lbs) but was comfortable for my event. My daughter and I had fun trying on both sizes - petite was right for me, so I couldn't resist a photo with another customer at the event. ",gown,straight & narrow,65,135,39,32b,11,False,260,0.8-0.9,medium (100-300),no,poor,"The AI's prediction of 'small' is incorrect as the review indicates the fit was large, and the explanation does not accurately reflect the review's context."
fit,small,0.85,"This item runs small — consider sizing up. Customer noted: ""Love this dress. Added to my list to rent again.""",True,Love this dress. Added to my list to rent again.,dress,athletic,67,140,31,36a,12,False,48,0.8-0.9,short (<100),yes,good,"The prediction aligns with the positive review, but the explanation could be clearer about the fit."
fit,small,0.9,"This item runs small — consider sizing up. Customer noted: ""This dress is absolutely gorgeous in person with the lace and details. I would love to own it. I wore this for my bridal...""",True,"This dress is absolutely gorgeous in person with the lace and details. I would love to own it. I wore this for my bridal shower and received compliments all day long. My fiance loved it as well. It fit true to size and hugs curves in all the right places. Again, photos do not do it justice! Worth the rent! I got a 0 and size 2, and the size 2 was a little snug, but I loved it. A 4 would have been too big.",sheath,petite,61,110,24,34c,4,False,408,0.9-1.0,long (300+),yes,good,"The AI's prediction aligns with the review's positive sentiment about the dress, indicating a good fit despite the note about sizing."
fit,small,0.85,"This item runs small — consider sizing up. Customer noted: ""I fell in love with this dress. Wore it to a formal college dinner. Everything about it was just amazing: color, style,...""",True,"I fell in love with this dress. Wore it to a formal college dinner. Everything about it was just amazing: color, style, fabric, the ruffles. Highly recommend this dress.",sheath,hourglass,66,150,22,36b,16,False,169,0.8-0.9,medium (100-300),yes,poor,"The prediction is correct as the customer loved the dress, but the explanation does not adequately address the review content."
fit,small,0.85,"This item runs small — consider sizing up. Customer noted: ""I said I wanted to channel my inner Solange and this dress got me there. All the bridesmaids wore a palate of neutrals...""",True,"I said I wanted to channel my inner Solange and this dress got me there. All the bridesmaids wore a palate of neutrals and golds so the pale pink was perfect. I received the dress in perfect condition (didn't have to steam like some other reviewers mentioned). I'm 5'7 1/2"" and the 4L was long enough to skim the ground in 3 inch heels. Size wise, I could've made the 2L work but the 4 was better for length and dancing all night. Just wore a seamless bandeau to keep the nipple situation in check. The cape is longer than the dress so I carried it like a train when I had to walk outside. I got a TON of compliments  - the cape and cut make the whole look statuesque. I won the esteemed and very made up Best Dressed award - I don't know if pictures do this dress justice! Overall, could not recommend this ond more. I always use RTR for wedding and events since I travel/move a lot but I wish I could've kept this gown forever! NOTE: remember to tuck and tape the hanger strings! I forgot ugh",gown,hourglass,68,130,26,30dd,9,False,994,0.8-0.9,long (300+),yes,poor,"The prediction is correct, but the explanation does not adequately connect the review content to the fit assessment."
large,small,0.85,"This item runs small — consider sizing up. Customer noted: ""The large was just a tad too big... A medium would have been more flattering and less baggy, but still loved it!""",True,"The large was just a tad too big... A medium would have been more flattering and less baggy, but still loved it!",dress,athletic,63,160,35,34dd,20,False,112,0.8-0.9,medium (100-300),no,poor,"The AI's prediction of small contradicts the review indicating that a large was too big, and the explanation does not accurately reflect the customer's feedback."
small,small,0.85,"This item runs small — consider sizing up. Customer noted: ""I wanted a dress for my bday where we celebrated in a swanky rooftop and this dress was perfec for the occasion! I'm us...""",True,"I wanted a dress for my bday where we celebrated in a swanky rooftop and this dress was perfec for the occasion! I'm usually a size 4 or a XS/S but in this dress, I had to go with a M. This dress doesn't have as much stretch as I thought it would and so the S didn't fit on my bottom. The neckline is much deeper than shown in the pic (I ran to pin it). I'm a 32DDD and didn't need the girls to be completely out. It's a beautiful dress. I didn't wear any spanx underneath and I received so many compliments all night! I would definitely recommend this one!",sheath,hourglass,64,0,29,32ddd/e,14,True,557,0.8-0.9,long (300+),yes,good,"The predicted fit label is correct as the customer indicates needing to size up, but the explanation could be more specific about the size discrepancy."
fit,small,0.85,"This item runs small — consider sizing up. Customer noted: ""I got this as a free backup since I was a first time renter, and I didn't end up wearing it. The pattern of the dress wa...""",True,"I got this as a free backup since I was a first time renter, and I didn't end up wearing it. The pattern of the dress was really cute and the cut was comfortable, but the heavy fabric made it more of a work dress than a party dress. ",dress,athletic,68,150,34,unknown,16,False,233,0.8-0.9,medium (100-300),ambiguous,good,"The review does not provide enough information to definitively determine the fit, making the accuracy ambiguous."
large,small,0.85,"This item runs small — consider sizing up. Customer noted: ""I was not sold on this dress at all until the day of the Ball when I put on my strapless bra, did my hair and make-up,...""",True,"I was not sold on this dress at all until the day of the Ball when I put on my strapless bra, did my hair and make-up, put on my jewelry and then slipped into the dress. When I saw myself in the mirror I was really shocked at how gorgeous it all came together. The dress crosses in the back which made the sides pucker but with the right bra it was not a problem. Getting in a out of it was a little difficult so I had to put a bonnet on so I didn't mess up my hair or make-up. Overall I had an amazing night in this beautiful dress and I loved the pockets. My only issue was the zipper was a little iffy.",gown,petite,64,125,31,34b,4,False,605,0.8-0.9,long (300+),no,poor,"The AI's prediction of 'small' is incorrect as the ground truth label is 'large', and the explanation does not adequately address the review context."
fit,small,0.85,"This item runs small — consider sizing up. Customer noted: ""Dress fit well, did not need to wear a bra and coverage was good.   Right shoulder sleeve required some adjustments f...""",True,"Dress fit well, did not need to wear a bra and coverage was good.   Right shoulder sleeve required some adjustments for winter jacket, dancing and such but was not a significant issue.   Received many compliment on this dress!!",dress,pear,67,165,45,36b,20,False,227,0.8-0.9,medium (100-300),yes,good,"The AI's prediction aligns with the review indicating a generally good fit, despite minor adjustments needed."
large,small,0.85,"This item runs small — consider sizing up. Customer noted: ""Recommend going one size down...don't want this dress falling off!  I am large on top, but going down one size was not a...""",True,"Recommend going one size down...don't want this dress falling off!  I am large on top, but going down one size was not an issue.   Stayed in place all night.  Very flattering dress on athletic and curvy girls.  ",gown,athletic,65,126,52,32dd,4,False,211,0.8-0.9,medium (100-300),no,poor,"The AI's prediction of 'small' contradicts the review's recommendation to size down, indicating a misunderstanding of the customer's feedback."
fit,small,0.85,"This item runs small — consider sizing up. Customer noted: ""I wore this jacket for a couple of outings that required another layer in chilly dining rooms. It was the perfect weight...""",True,I wore this jacket for a couple of outings that required another layer in chilly dining rooms. It was the perfect weight and warmth. The fit was true to size and the color was soft but eye catching. It looked like a simple addition of layers in a very stylish way.,jacket,athletic,64,128,55,36b,16,False,264,0.8-0.9,medium (100-300),yes,good,"The AI's prediction aligns with the review indicating a true-to-size fit, but the explanation could be more specific about the customer's experience."
small,small,0.85,"This item runs small — consider sizing up. Customer noted: ""I wore this dress to my birthday brunch in NYC. It is fun and very girly. My husband said the colors reminded him of Ch...""",True,"I wore this dress to my birthday brunch in NYC. It is fun and very girly. My husband said the colors reminded him of Christmas lights which I thought was great! As with other Badgley Mischka's that I have rented, I found that it ran just a little small. I mostly noticed it in the arms. Unfortunately, they did not have my backup size available, but I was able to make my size work. I loved it and would definitely recommend! Lots of compliments.",dress,unknown,67,125,31,32d,4,True,446,0.8-0.9,long (300+),yes,good,"The AI's prediction aligns with the ground truth label, but the explanation could be more specific about how the review supports the sizing recommendation."
small,small,0.85,"This item runs small — consider sizing up. Customer noted: ""Had to go up to the 8 because the smaller size fit better everywhere by my waistline.  The lace on the bodice was a litt...""",True,"Had to go up to the 8 because the smaller size fit better everywhere by my waistline.  The lace on the bodice was a little scratchy, but not too uncomfortable.  Great dress for  a winter wedding. ",dress,athletic,71,155,30,32d,16,True,196,0.8-0.9,medium (100-300),no,poor,"The predicted fit label is incorrect as the customer had to size up, indicating the item runs small."
fit,small,0.85,"This item runs small — consider sizing up. Customer noted: ""This dress was PERFECT for the black tie wedding I attended this fall! From the sequins to the gather in the front, I f...""",True,"This dress was PERFECT for the black tie wedding I attended this fall! From the sequins to the gather in the front, I felt like a movie star and I received numerous compliments from the other wedding guests, which was an added perk! I was worried that the W size would be too wide around my chest and not hold me in, but it worked out just fine. The length was perfect, as well, and I wore flats. Word to the wise: be sure to either pin or adjust the back of your bra so that it doesn't peek up in the back above the zipper! Also, as many other reviewers have commented, this dress is best if you're ready and willing to be pretty exposed in the front! For accessories, I wore some cluster earrings, and that was it! Let the dress do all the talking ;) I'll definitely use RTR in the future for other fancy events!",gown,hourglass,66,236,28,38c,39,False,814,0.8-0.9,long (300+),yes,poor,"The prediction is correct as the customer found the dress perfect, but the explanation does not adequately address the fit issue."
large,small,0.85,"This item runs small — consider sizing up. Customer noted: ""This dress is absolutely stunning! I received a lot of compliments on the color. I think I could have gone a size down...""",True,"This dress is absolutely stunning! I received a lot of compliments on the color. I think I could have gone a size done because the bust area was a little loose. However, it still looked great. It is best to wear a strapless bra of course. I recommend this dress for a summer wedding! ",dress,unknown,67,0,0,32b,4,False,284,0.8-0.9,medium (100-300),no,poor,"The predicted fit label is incorrect as the review indicates the dress was loose in the bust area, suggesting a larger size would have been more appropriate."
small,small,0.85,"This item runs small — consider sizing up. Customer noted: ""great dress, lots of compliments. Definitely runs small so I recommend ordering the size up from your usual""",True,"great dress, lots of compliments. Definitely runs small so I recommend ordering the size up from your usual ",dress,straight & narrow,69,140,27,32b,12,True,108,0.8-0.9,medium (100-300),yes,excellent,The AI correctly identified the fit as small based on the review's indication that the dress runs small.
fit,small,0.9,"This item runs small — consider sizing up. Customer noted: ""Fabulous fit, especially for petite ladies.  +1 On the other posters, wear black tights and pair with some black boots...""",True,"Fabulous fit, especially for petite ladies.  +1 On the other posters, wear black tights and pair with some black boots or booties and it's a very chic, tailored look with a touch of edge.",dress,hourglass,61,118,31,32b,8,False,187,0.9-1.0,medium (100-300),yes,good,"The AI's prediction aligns with the review indicating a good fit for petite sizes, but the explanation could be more specific about the fit for the customer profile."
small,small,0.85,"This item runs small — consider sizing up. Customer noted: ""wow, got compliments all night. busty ladies may need to pass unless you're comfy with serious cleavage. the dress fell...""",True,"wow, got compliments all night. busty ladies may need to pass unless you're comfy with serious cleavage. the dress fell down a bit and I had to continually lift it up, or would give 5 stars. This dress is 10/10 classy and 10/10 sexy  ",dress,straight & narrow,65,116,32,36b,4,True,234,0.8-0.9,medium (100-300),yes,good,"The prediction is correct as the review indicates the dress runs small for busty individuals, aligning with the AI's assessment."
fit,small,0.9,"This item runs small — consider sizing up. Customer noted: ""Is true to size, but super long! I wore the 4, with a regular (low-front) bra, and was super comfortable all night. Only...""",True,"Is true to size, but super long! I wore the 4, with a regular (low-front) bra, and was super comfortable all night. Only problem is that the dress is super long, even with 5 inch wedges I was still stepping on the hem. ",gown,hourglass,64,0,33,32d,8,False,219,0.9-1.0,medium (100-300),no,poor,The AI's prediction of 'small' contradicts the review stating the item is 'true to size'.
large,small,0.9,"This item runs small — consider sizing up. Customer noted: ""Y'all. This dress was amazing! It was super flowy but not sheer or loose. I wish I could wear it everyday!""",True,Y'all. This dress was amazing! It was super flowy but not sheer or loose. I wish I could wear it everyday!,dress,pear,66,0,33,38d,57,False,106,0.9-1.0,medium (100-300),no,poor,"The AI's prediction of 'small' is incorrect as the ground truth label is 'large', and the explanation does not effectively relate to the review."
fit,small,0.8,"This item runs small — consider sizing up. Customer noted: ""the only con is that the 2R was very long even with heels (I'm 5'4) so the train dragged a bit. pro: doesn't need a bra""",True,the only con is that the 2R was very long even with heels (I'm 5'4) so the train dragged a bit. pro: doesn't need a bra ,gown,hourglass,64,122,29,34d,4,False,120,0.8-0.9,medium (100-300),no,poor,"The AI's prediction of 'small' does not align with the review context, which discusses length rather than fit size."
small,small,0.8,"This item runs small — consider sizing up. Customer noted: ""This dress is marvelous! A little tight in the sleeves as others have said.....but what a knock-out! I received count...""",True,This dress is marvelous! A little tight in the sleeves as others have said.....but what a knock-out! I received countless compliments. ,sheath,hourglass,67,0,52,34b,20,True,135,0.8-0.9,medium (100-300),yes,good,"The predicted fit label is correct as the review indicates the dress is tight, supporting the small size prediction."
fit,small,0.85,"This item runs small — consider sizing up. Customer noted: ""Lots of compliments.  Slightly large on top - had to keep pulling up when dancing.  Overall, great dress.""",True,"Lots of compliments.  Slightly large on top - had to keep pulling up when dancing.  Overall, great dress.",sheath,petite,61,107,31,32c,4,False,105,0.8-0.9,medium (100-300),no,poor,The AI's prediction of 'small' contradicts the review indicating the dress was 'slightly large on top'.
large,small,0.8,"This item runs small — consider sizing up. Customer noted: ""Didn’t end up wearing it ; for a smaller chested girl, the straps were way too long. Didn’t want to spend the time or h...""",True,"Didn’t end up wearing it ; for a smaller chested girl, the straps were way too long. Didn’t want to spend the time or hassle to safety pin when my backup dress was perfect. 
The chest and straps were long but the dress length was great (I am 5’2) with tall 4”heels",gown,hourglass,62,120,32,30d,4,False,264,0.8-0.9,medium (100-300),no,poor,"The AI's prediction of 'small' is incorrect as the ground truth label is 'large', and the explanation does not adequately address the review's context."
large,small,0.9,"This item runs small — consider sizing up. Customer noted: ""I fell in love with the photos and thought this would be perfect for the fall. I ordered a small and tried it on. Unfort...""",True,"I fell in love with the photos and thought this would be perfect for the fall. I ordered a small and tried it on. Unfortunately, it looked way big on me. I am also 5'1. I wanted a nice loose comfy sweater/jacket but this one didn't suit my frame.  I was so sad to return it. This would be suitable for a taller person.",kimono,apple,61,135,42,34a,8,False,318,0.9-1.0,long (300+),no,poor,The AI's prediction of small is incorrect as the customer found the item too big and the ground truth label is large.
large,small,0.85,"This item runs small — consider sizing up. Customer noted: ""I wore this to my Brother's wedding rehearsal and LOVED IT! It was super comfortable. It did run a tad bit large and wa...""",True,"I wore this to my Brother's wedding rehearsal and LOVED IT! It was super comfortable. It did run a tad bit large and was long, but I wore 4"" wedges with it so it sat perfectly on the floor. Sorry, I do not have pictures :( The sleeves stayed put and I had plenty of room to eat and drink wine and didn't feel like it showed! I would rent this dress again! //  I am 5'4 and weigh around 140 lbs. ",maxi,unknown,64,0,33,34dd,14,False,395,0.8-0.9,long (300+),no,poor,The AI's prediction of 'small' contradicts the review indicating the item runs large.
small,small,0.8,"This item runs small — consider sizing up. Customer noted: ""Before renting I read that the dress ran small in fit and length.  I upped my normal 4/6 order to 6L/8L and ended up wea...""",True,"Before renting I read that the dress ran small in fit and length.  I upped my normal 4/6 order to 6L/8L and ended up wearing the 8L.  I am 5'7'' and wore 2.5in heels.   It fit like a glove, was a perfect length and I got many compliments. The material is pretty heavy which surprised me when I got the dress, but it looks beautiful on. My only complaints are the slit is a bit short so it was hard to walk with my normal stride- felt a little restrictive and near the armpits did not lay nicely, there was a little gap there. Otherwise it was a great choice for a beautiful wedding at the Rainbow Room!",gown,pear,67,142,32,34c,17,True,602,0.8-0.9,long (300+),yes,excellent,"The AI's prediction aligns with the review indicating the dress runs small, and the explanation effectively references the customer's experience."
fit,small,0.85,"This item runs small — consider sizing up. Customer noted: ""classy and sexy""",True,classy and sexy ,dress,athletic,63,120,36,34b,12,False,16,0.8-0.9,short (<100),yes,good,"The prediction aligns with the review's positive sentiment, but the explanation could be more specific about how the review relates to the fit."
large,small,0.85,"This item runs small — consider sizing up. Customer noted: ""This dress was much lighter than I thought it would be. I fit the 14 perfectly, but the zipper on the dress wouldn't st...""",True,"This dress was much lighter than I thought it would be. I fit the 14 perfectly, but the zipper on the dress wouldn't stay up so I ended up in the 16 for the night. It ended up being ok as I was 3 months pregnant and appreciated the extra room. It was fun to dance in and move around. It held its shape very well. 
Overall, I liked the dress, but it wasn't the showstopper I was hoping for. I felt pretty, but not sexy or over the top. ",dress,full bust,66,0,33,38dd,39,False,435,0.8-0.9,long (300+),no,poor,"The AI's prediction of 'small' is incorrect as the customer ultimately needed a larger size, and the explanation does not accurately reflect the review details."
small,small,0.85,"This item runs small — consider sizing up. Customer noted: ""The lining of this dress was shorter than expected, especially when sitting down. It was a little less conservative tha...""",True,"The lining of this dress was shorter than expected, especially when sitting down. It was a little less conservative than I anticipated for a professional event. Great color, a good holiday dress! ",dress,athletic,67,125,49,unknown,8,True,196,0.8-0.9,medium (100-300),yes,good,"The predicted fit label is correct as the review indicates the dress runs small, but the explanation could be more specific about the customer's experience."
large,small,0.85,"This item runs small — consider sizing up. Customer noted: ""Loved this top. Super simple but cute. It runs a bit large, even with larger busts. It's also really long, so make sure...""",True,"Loved this top. Super simple but cute. It runs a bit large, even with larger busts. It's also really long, so make sure that's the look you're going for. I paired with jeans and wedges to dress down. You can also dress up very easily to wear to work. Super light and perfect for summer weather. ",tunic,full bust,69,210,24,38dd,20,False,295,0.8-0.9,medium (100-300),no,poor,"The AI's prediction of 'small' contradicts the review stating the item runs large, making the accuracy incorrect and the explanation unhelpful."
fit,small,0.85,"This item runs small — consider sizing up. Customer noted: ""Rented this for a dressy casual wedding and it was perfect. The size 2 fit like a glove with a strapless bra. The cutou...""",True,Rented this for a dressy casual wedding and it was perfect. The size 2 fit like a glove with a strapless bra. The cutout added just the right amount of edgy contrast with the floral pattern. Length fell just below my knees which was perfect for a windy outdoor venue.,dress,straight & narrow,67,125,25,32a,4,False,267,0.8-0.9,medium (100-300),yes,good,"The AI's prediction aligns with the review indicating a smaller size fit, but the explanation could be more specific about the size comparison."
small,small,0.85,"This item runs small — consider sizing up. Customer noted: ""I absolutely love this dress! I rented it for an industry night and it was so flattering to my curvy figure! I typically...""",True,"I absolutely love this dress! I rented it for an industry night and it was so flattering to my curvy figure! I typically wear a 12 or a 14 and the 12 was a bit snug on me. If you're a larger chested gal like myself with a curvy figure I would get the 14 rather as it seems to run a little small. I got so many compliments, I didn't mind that it was a little snug! Love this dress and would absolutely rent it again!",dress,apple,71,190,33,36d,24,True,415,0.8-0.9,long (300+),yes,good,"The predicted fit label is correct as the review indicates the customer typically wears a smaller size, but the explanation could be more specific about the customer's experience with sizing."
